Date,simple,Featured,Art,Bio,Math,Sports
2020010100,21.38,766.46,84.48,100.6,90.3,124.16
2020010200,25.08,793.66,96.15,120.14,107.0,131.91
2020010300,26.34,780.3,95.66,119.54,102.48,122.06
2020010400,30.95,812.46,93.8,113.93,99.8,128.19
2020010500,32.34,856.97,105.55,125.25,107.82,149.0
2020010600,30.0,923.33,104.63,136.48,118.42,137.77
2020010700,28.26,837.31,108.53,139.52,122.41,132.18
2020010800,29.47,827.12,104.79,137.88,121.56,126.53
2020010900,30.31,838.09,108.33,140.75,126.2,127.25
2020011000,26.71,857.68,122.46,140.75,133.81,126.44
2020011100,25.74,847.02,106.87,121.11,112.94,124.48
2020011200,28.36,873.57,110.72,124.83,107.93,144.71
2020011300,31.37,876.43,121.71,140.65,129.06,150.15
2020011400,29.69,830.02,120.48,146.32,125.42,153.02
2020011500,30.48,794.95,115.92,145.12,126.8,145.1
2020011600,33.15,817.4,116.01,146.44,131.29,147.86
2020011700,29.62,794.83,104.13,129.63,118.35,139.67
2020011800,25.01,817.63,93.73,116.35,97.2,135.42
2020011900,29.36,844.66,102.27,124.76,116.69,160.67
2020012000,32.05,862.96,107.31,137.66,126.99,156.56
2020012100,31.12,826.61,109.58,150.92,133.02,142.34
2020012200,31.38,804.18,106.62,150.56,131.53,137.02
2020012300,30.46,791.38,104.93,151.04,128.0,134.44
2020012400,26.23,879.06,100.76,137.63,116.11,125.49
2020012500,23.3,767.89,89.73,121.93,98.54,122.25
2020012600,30.04,833.55,96.43,129.88,105.6,139.95
2020012700,32.58,892.67,107.36,153.59,124.5,142.91
2020012800,33.17,854.61,108.49,164.71,126.93,136.69
2020012900,31.96,799.79,108.21,156.44,127.53,137.66
2020013000,31.79,806.79,105.79,154.51,127.76,137.38
2020013100,27.49,811.34,95.84,135.75,113.7,126.64
2020020100,24.93,848.34,86.63,116.55,99.74,127.03
2020020200,30.93,849.93,101.51,133.61,110.79,156.57
2020020300,31.66,818.99,106.67,147.82,128.06,181.11
2020020400,33.25,796.19,109.02,155.45,129.39,141.92
2020020500,36.38,827.72,113.0,149.42,132.75,131.61
2020020600,32.32,887.67,106.83,147.51,128.1,131.12
2020020700,27.58,783.24,99.57,134.41,115.98,122.84
2020020800,32.99,3664.85,91.47,118.34,98.03,127.69
2020020900,31.53,2244.86,101.2,130.63,111.19,140.67
2020021000,32.05,2101.2,118.69,151.41,127.48,132.7
2020021100,31.51,1950.45,114.99,149.91,129.78,132.03
2020021200,30.3,1936.36,110.9,150.72,128.93,129.75
2020021300,28.76,1889.18,106.06,143.67,124.56,122.34
2020021400,25.19,1830.48,95.61,125.98,113.01,117.34
2020021500,22.8,1842.7,87.67,114.29,96.71,121.56
2020021600,25.81,1916.65,100.61,128.02,104.54,144.58
2020021700,29.37,1899.23,108.13,156.6,120.71,139.16
2020021800,29.96,1834.77,112.91,151.72,127.51,148.3
2020021900,32.57,1787.27,114.64,150.45,127.65,136.71
2020022000,53.29,1769.7,109.89,141.62,123.04,140.34
2020022100,26.0,1756.09,98.98,132.53,114.08,124.74
2020022200,28.07,1758.21,95.15,120.9,97.26,130.13
2020022300,28.4,1746.86,104.52,130.57,104.25,153.89
2020022400,30.33,1704.02,109.75,154.93,130.83,146.42
2020022500,32.6,1647.29,110.23,156.95,132.39,131.22
2020022600,39.34,1664.55,107.32,157.09,131.73,133.76
2020022700,34.98,1738.43,106.27,155.9,126.53,126.99
2020022800,23.74,1698.8,100.86,143.62,115.73,121.74
2020022900,20.74,1691.77,95.39,129.21,103.48,123.87
2020030100,25.73,1757.21,107.82,143.86,110.61,153.8
2020030200,29.62,1674.0,112.58,161.09,127.25,140.81
2020030300,30.31,1640.51,108.86,160.34,131.4,135.54
2020030400,30.21,1619.96,128.24,157.52,125.42,136.97
2020030500,27.8,1614.52,105.17,153.08,121.01,134.61
2020030600,25.28,1572.5,100.8,139.47,110.94,125.0
2020030700,22.91,1554.67,96.09,123.45,92.34,119.71
2020030800,25.3,1616.04,98.29,146.09,103.59,136.71
2020030900,28.46,1540.11,107.6,154.97,119.3,123.31
2020031000,26.95,1453.72,104.12,159.1,116.8,114.18
2020031100,28.23,1453.38,99.43,205.57,113.75,111.92
2020031200,27.79,1354.21,92.93,199.71,109.64,107.86
2020031300,21.76,1323.51,82.15,167.1,100.53,100.19
2020031400,21.66,1397.63,81.35,153.48,103.4,115.62
2020031500,20.52,1411.03,91.19,165.27,102.07,117.41
2020031600,21.54,1337.34,88.94,166.32,105.47,101.22
2020031700,22.17,1352.97,89.56,163.76,102.7,100.66
2020031800,21.47,1348.77,98.19,167.61,102.79,102.81
2020031900,21.71,1213.44,95.46,168.81,112.66,101.67
2020032000,21.44,1332.29,89.18,159.78,102.89,99.79
2020032100,19.17,1315.17,94.4,157.77,100.81,108.32
2020032200,20.37,1412.17,94.92,168.58,101.92,112.94
2020032300,24.62,1760.91,101.82,173.58,114.39,115.19
2020032400,24.92,1541.25,103.6,174.19,114.15,119.32
2020032500,23.31,1544.52,102.32,169.43,116.19,113.29
2020032600,24.11,1585.95,105.32,171.66,122.54,115.33
2020032700,23.68,1622.66,104.37,180.61,112.8,113.77
2020032800,22.58,1664.74,106.37,155.01,106.76,116.15
2020032900,25.26,1736.9,109.07,161.03,119.44,133.71
2020033000,26.99,1664.62,131.16,171.98,126.33,121.21
2020033100,26.72,1605.13,112.24,166.14,153.83,118.98
2020040100,27.09,1578.72,124.84,168.09,127.87,116.45
2020040200,29.63,1581.9,115.89,168.39,132.7,121.86
2020040300,26.62,1589.93,112.05,166.6,136.32,123.17
2020040400,25.57,1624.79,105.42,163.68,117.16,128.39
2020040500,27.71,1703.35,116.41,164.95,124.72,131.63
2020040600,31.74,1632.49,116.58,170.12,134.42,121.31
2020040700,27.59,1606.27,111.71,166.81,133.01,119.43
2020040800,30.37,1584.28,113.36,166.38,133.71,124.15
2020040900,27.97,1638.27,116.75,164.4,132.04,126.66
2020041000,26.21,1667.5,136.19,157.79,141.7,127.92
2020041100,25.51,1703.0,107.76,148.94,139.03,127.78
2020041200,28.97,1459.51,115.84,151.48,150.35,132.17
2020041300,29.78,1653.82,121.31,168.36,150.88,127.25
2020041400,28.01,1554.08,134.22,166.86,150.47,126.3
2020041500,32.05,975.82,120.49,170.13,150.92,128.22
2020041600,38.61,961.49,121.34,171.84,145.95,130.31
2020041700,27.07,958.75,117.53,169.31,143.77,127.8
2020041800,26.09,1022.79,118.83,154.85,133.73,136.1
2020041900,28.55,1129.6,123.77,156.5,127.39,143.48
2020042000,35.36,1141.04,127.5,174.33,144.8,135.06
2020042100,31.27,1039.89,123.17,174.06,143.26,129.34
2020042200,31.25,1006.41,137.88,170.88,140.41,130.44
2020042300,30.67,996.27,236.13,192.75,138.25,128.55
2020042400,28.92,929.36,166.83,162.99,133.87,124.61
2020042500,28.53,945.8,161.08,152.01,121.52,128.31
2020042600,32.9,1043.6,185.25,151.29,128.42,143.42
2020042700,35.69,1061.43,224.83,184.76,139.31,136.0
2020042800,28.55,995.76,186.85,200.44,149.22,130.19
2020042900,32.22,996.72,179.91,190.9,142.22,127.98
2020043000,30.04,998.44,167.69,178.56,139.28,130.86
2020050100,27.95,951.4,224.62,151.77,126.37,123.92
2020050200,32.58,1015.26,114.5,148.74,120.2,133.32
2020050300,30.81,1041.52,120.96,158.85,122.57,135.97
2020050400,29.77,1049.83,132.32,166.99,144.16,135.53
2020050500,29.03,993.91,129.42,164.69,139.06,130.13
2020050600,26.62,963.53,123.63,165.44,137.88,124.65
2020050700,24.99,939.38,128.6,165.19,131.98,121.06
2020050800,21.95,940.1,123.14,151.34,126.26,121.19
2020050900,20.75,988.48,112.82,148.91,115.31,133.96
2020051000,23.49,987.07,108.48,174.67,156.31,131.69
2020051100,26.05,1026.8,119.56,160.41,137.28,126.56
2020051200,25.6,947.25,119.75,155.02,136.36,131.85
2020051300,25.87,921.17,118.97,154.03,135.21,129.45
2020051400,24.76,922.36,119.13,154.83,131.91,141.11
2020051500,22.05,897.17,123.51,144.48,127.35,125.35
2020051600,19.67,934.68,107.55,128.52,108.15,131.46
2020051700,20.42,972.27,114.1,132.95,111.47,147.97
2020051800,22.16,1026.2,117.74,148.64,126.98,131.94
2020051900,22.01,978.7,111.23,141.08,135.42,126.46
2020052000,21.28,927.48,105.7,136.22,129.23,124.66
2020052100,22.41,887.42,112.37,134.9,122.3,122.59
2020052200,21.01,872.81,113.92,130.31,116.73,122.28
2020052300,20.52,884.1,100.56,121.6,105.91,130.77
2020052400,17.06,932.11,102.32,120.87,109.47,130.36
2020052500,20.84,936.13,107.91,133.29,118.92,129.92
2020052600,22.53,920.82,109.41,141.62,124.71,128.1
2020052700,21.02,914.57,108.27,142.35,127.43,120.08
2020052800,22.92,890.93,112.93,141.32,119.41,118.67
2020052900,20.58,897.31,101.64,129.08,111.29,119.98
2020053000,19.36,939.8,92.75,116.89,115.42,117.47
2020053100,19.53,977.85,97.03,120.78,104.03,123.85
2020060100,22.01,887.01,103.81,126.95,110.2,112.86
2020060200,20.66,839.29,99.58,130.15,115.75,113.56
2020060300,21.77,842.84,105.3,128.71,115.37,116.07
2020060400,26.37,833.54,111.45,129.3,114.01,114.73
2020060500,23.59,814.77,104.77,127.3,112.5,114.08
2020060600,19.59,873.17,101.45,112.96,103.71,122.99
2020060700,18.57,929.68,105.79,119.74,110.16,128.35
2020060800,20.06,884.89,107.67,129.8,121.31,127.07
2020060900,18.43,876.88,106.36,128.77,120.15,119.77
2020061000,20.08,879.23,106.16,129.81,118.8,122.37
2020061100,20.2,859.8,106.11,128.59,120.16,128.13
2020061200,19.62,835.06,112.1,121.4,110.09,115.53
2020061300,19.48,853.67,117.72,118.28,100.98,111.84
2020061400,18.55,908.22,101.43,113.43,105.54,117.0
2020061500,22.43,830.42,119.06,124.44,114.79,128.14
2020061600,19.33,821.65,108.32,124.06,117.27,127.75
2020061700,29.73,800.83,103.76,121.44,112.68,121.78
2020061800,18.29,805.65,106.47,132.02,110.78,123.75
2020061900,17.77,830.36,103.35,116.04,105.94,121.48
2020062000,16.88,852.38,98.34,110.53,101.45,121.25
2020062100,19.13,909.44,96.44,113.9,100.9,122.13
2020062200,17.14,831.51,101.64,123.03,111.02,123.4
2020062300,18.48,784.23,101.62,119.4,113.02,116.85
2020062400,18.41,760.43,99.12,120.23,110.03,117.59
2020062500,18.46,778.32,99.97,117.94,110.76,119.23
2020062600,16.02,828.27,93.35,113.29,101.61,123.0
2020062700,15.65,826.21,94.1,109.96,95.86,133.32
2020062800,14.94,921.29,98.25,111.28,98.38,139.89
2020062900,17.96,811.7,97.46,119.52,106.86,130.92
2020063000,15.5,777.65,95.28,118.65,108.38,123.72
2020070100,15.29,778.19,93.87,116.94,108.21,118.04
2020070200,17.71,786.4,96.17,118.01,109.72,122.14
2020070300,15.3,826.65,93.63,111.03,100.39,121.29
2020070400,14.97,962.31,90.35,104.48,93.41,137.07
2020070500,15.5,907.04,93.77,111.31,97.01,145.89
2020070600,15.89,841.98,108.91,122.52,109.06,133.9
2020070700,15.27,821.21,118.02,119.87,111.48,129.85
2020070800,16.26,797.31,100.55,120.83,111.0,122.39
2020070900,17.68,774.51,99.94,117.51,108.13,122.18
2020071000,15.49,772.97,93.38,111.55,107.6,118.96
2020071100,20.17,813.38,89.6,113.39,97.73,120.17
2020071200,18.16,833.05,94.33,113.57,100.1,131.48
2020071300,15.74,822.79,97.6,127.28,111.97,124.95
2020071400,15.77,788.02,94.98,118.65,111.16,117.46
2020071500,16.23,770.94,94.3,118.7,125.58,114.6
2020071600,16.19,778.41,92.06,118.07,124.74,111.59
2020071700,19.99,774.1,91.65,113.81,120.48,114.84
2020071800,17.83,812.87,90.97,105.68,113.74,117.21
2020071900,21.92,870.52,95.89,111.6,117.65,131.45
2020072000,27.96,883.76,99.07,120.34,125.96,120.51
2020072100,25.8,808.78,97.54,121.5,124.3,121.35
2020072200,16.49,787.64,96.29,122.58,115.06,118.42
2020072300,16.6,812.52,96.15,122.7,110.6,119.3
2020072400,14.96,791.75,93.04,114.44,103.25,119.31
2020072500,14.59,812.04,90.25,107.25,105.16,118.45
2020072600,14.21,878.08,95.35,120.37,109.25,128.5
2020072700,15.15,813.99,97.41,119.2,114.12,123.51
2020072800,15.0,779.73,97.92,122.7,117.26,118.27
2020072900,14.32,790.28,94.74,124.98,111.68,116.03
2020073000,14.51,757.92,107.32,115.32,109.04,114.21
2020073100,13.69,718.32,90.98,106.81,148.84,115.88
2020080100,14.1,745.49,85.22,99.05,142.41,118.48
2020080200,12.87,795.47,97.46,106.44,135.15,130.18
2020080300,12.52,740.41,96.21,109.98,124.68,121.59
2020080400,13.69,735.43,97.87,118.11,123.2,115.19
2020080500,14.0,814.32,96.37,114.55,122.0,111.75
2020080600,13.86,791.51,96.27,114.69,115.57,126.63
2020080700,13.61,721.06,95.32,109.83,119.31,108.8
2020080800,13.13,748.53,102.33,103.92,119.51,115.73
2020080900,13.8,806.49,96.55,107.97,123.12,135.56
2020081000,16.28,787.26,99.1,124.62,117.89,131.0
2020081100,17.99,766.0,94.47,121.4,116.98,119.61
2020081200,15.66,788.64,95.85,117.38,121.51,117.49
2020081300,15.22,755.07,102.74,117.28,121.93,117.87
2020081400,15.31,746.19,95.0,110.57,122.41,118.83
2020081500,13.97,779.78,92.86,105.77,124.35,124.57
2020081600,13.54,825.62,94.52,112.55,123.98,162.06
2020081700,13.93,780.98,98.25,117.88,121.85,121.26
2020081800,16.67,743.54,95.2,118.67,114.88,119.66
2020081900,15.58,755.41,98.53,119.0,117.58,124.02
2020082000,17.72,739.69,93.2,116.34,112.93,115.83
2020082100,14.98,780.67,95.52,115.09,111.48,114.25
2020082200,13.55,786.84,90.79,104.16,98.47,114.26
2020082300,14.05,832.4,95.76,110.16,103.52,130.18
2020082400,16.31,790.84,128.92,121.09,121.3,124.91
2020082500,16.4,769.19,110.4,119.56,121.47,118.82
2020082600,17.32,754.32,109.08,124.86,127.34,122.55
2020082700,16.36,804.09,118.8,122.66,131.2,117.29
2020082800,16.46,820.83,117.52,117.68,125.72,112.95
2020082900,15.69,852.05,103.08,109.81,110.8,117.79
2020083000,16.57,882.84,96.76,111.99,109.7,131.85
2020083100,15.86,830.29,102.8,125.39,128.07,120.73
2020090100,16.05,803.76,101.41,124.98,132.01,115.44
2020090200,17.67,793.93,105.24,125.96,136.32,120.96
2020090300,16.29,762.07,101.91,125.5,137.27,117.48
2020090400,15.2,779.9,104.9,117.3,127.71,117.87
2020090500,13.34,778.79,100.47,104.67,107.32,118.64
2020090600,14.55,807.17,112.53,110.37,110.68,135.1
2020090700,17.02,809.64,117.08,136.27,126.62,129.58
2020090800,16.59,801.23,120.77,129.77,131.95,127.13
2020090900,16.66,803.9,121.96,128.98,133.37,129.3
2020091000,18.89,799.06,120.68,135.44,134.48,129.41
2020091100,17.66,799.63,117.76,126.49,130.36,124.2
2020091200,17.02,795.76,106.82,109.68,107.16,120.14
2020091300,16.25,904.27,114.65,120.28,116.9,148.68
2020091400,18.62,883.92,115.54,143.1,144.24,134.4
2020091500,17.78,827.31,131.71,141.18,146.46,131.37
2020091600,18.04,796.88,136.61,141.59,134.25,118.14
2020091700,17.97,827.77,133.79,138.01,135.86,116.18
2020091800,136.91,831.07,127.48,128.16,129.56,122.51
2020091900,17.1,806.29,118.95,112.3,106.99,150.58
2020092000,14.97,831.83,111.69,116.12,113.1,140.49
2020092100,18.3,843.93,119.99,143.0,137.63,132.11
2020092200,19.07,802.55,131.7,138.5,138.29,131.81
2020092300,17.7,803.25,137.67,139.07,136.93,131.83
2020092400,18.59,796.12,114.0,136.23,141.46,137.19
2020092500,16.26,778.25,110.18,128.54,134.4,132.17
2020092600,14.85,768.49,107.74,114.27,114.51,126.6
2020092700,15.43,812.76,107.5,119.35,115.16,143.38
2020092800,17.72,808.99,119.23,136.42,134.67,129.85
2020092900,17.75,798.71,114.8,139.46,138.07,131.44
2020093000,17.59,770.38,120.22,132.1,130.79,124.08
2020100100,17.25,762.76,115.26,127.66,127.01,121.18
2020100200,16.56,760.18,103.18,122.43,144.32,114.64
2020100300,15.78,756.65,97.25,110.28,109.66,116.43
2020100400,15.28,800.51,108.24,115.53,113.26,126.6
2020100500,18.35,816.52,123.7,139.07,134.06,133.22
2020100600,19.73,798.04,121.08,136.47,140.88,132.7
2020100700,21.35,845.25,132.71,152.77,150.15,131.89
2020100800,24.5,827.24,128.18,149.38,146.07,125.88
2020100900,19.03,845.14,118.59,135.76,130.3,122.71
2020101000,14.6,809.62,105.16,122.32,111.95,119.62
2020101100,16.02,843.56,114.28,125.48,120.81,139.75
2020101200,22.04,904.13,130.6,143.19,143.42,145.24
2020101300,19.86,855.93,128.26,142.41,147.7,134.23
2020101400,19.65,832.69,126.54,146.68,146.56,133.07
2020101500,21.68,830.41,131.67,145.4,150.24,127.32
2020101600,23.84,794.79,118.45,137.35,142.84,119.69
2020101700,19.39,821.56,110.61,116.01,125.37,124.48
2020101800,14.34,844.75,116.96,121.68,128.43,134.84
2020101900,17.1,855.06,133.41,145.43,148.15,131.28
2020102000,17.17,848.89,129.76,148.14,148.07,128.87
2020102100,17.86,827.56,128.45,143.75,145.64,128.87
2020102200,17.06,808.06,128.5,138.57,144.9,124.09
2020102300,15.66,777.15,112.64,126.47,130.05,117.16
2020102400,12.66,777.06,104.12,108.84,108.22,143.4
2020102500,14.83,848.06,115.82,116.82,117.3,167.58
2020102600,17.51,867.93,126.71,137.54,138.96,166.17
2020102700,17.44,867.44,128.88,144.47,143.87,181.71
2020102800,16.93,851.76,130.56,138.62,140.97,162.36
2020102900,17.06,865.77,127.85,134.34,137.54,156.86
2020103000,14.74,859.34,118.5,123.14,125.81,152.1
2020103100,14.89,846.19,108.73,105.79,110.57,154.74
2020110100,15.25,898.18,113.62,114.17,113.39,172.08
2020110200,18.56,932.18,125.99,138.3,139.85,164.05
2020110300,19.55,1030.73,144.69,140.91,141.42,156.13
2020110400,21.93,1825.96,133.87,127.46,133.17,136.29
2020110500,21.21,1252.49,116.2,133.42,138.56,142.15
2020110600,20.8,1056.65,108.14,127.13,127.33,145.58
2020110700,23.18,1075.16,100.27,112.58,111.3,157.4
2020110800,20.47,1133.39,113.62,117.93,115.19,168.73
2020110900,21.77,1012.08,133.25,143.85,142.46,174.17
2020111000,19.76,962.72,130.92,142.43,140.99,160.74
2020111100,17.36,956.45,128.2,138.1,137.33,153.17
2020111200,17.95,937.24,126.71,136.48,135.52,158.69
2020111300,15.87,873.54,109.64,125.92,123.8,154.35
2020111400,13.21,877.75,103.9,105.95,106.41,159.79
2020111500,18.12,996.77,111.37,118.88,117.79,188.63
2020111600,21.53,1034.61,122.09,140.79,140.08,172.95
2020111700,21.88,1027.17,121.18,146.06,137.78,166.07
2020111800,21.9,1014.59,122.71,157.09,140.12,164.87
2020111900,21.78,1003.06,120.56,151.05,135.74,153.68
2020112000,20.32,999.11,111.99,138.76,143.42,142.03
2020112100,19.83,1016.12,102.23,124.45,117.81,149.7
2020112200,21.02,1080.2,108.83,143.39,113.95,163.19
2020112300,21.36,1019.39,118.48,162.16,139.15,158.5
2020112400,21.89,937.01,117.06,143.79,134.8,147.67
2020112500,19.74,919.92,113.88,137.37,132.18,167.05
2020112600,20.17,916.57,108.92,131.27,120.52,171.33
2020112700,18.48,909.93,101.68,123.4,114.42,158.93
2020112800,18.54,942.51,103.31,116.35,113.13,155.43
2020112900,19.69,1017.75,106.74,121.21,116.48,183.45
2020113000,20.77,954.79,119.1,140.15,132.25,163.65
2020120100,19.73,913.62,117.36,139.76,132.89,154.23
2020120200,18.21,886.46,116.15,143.8,132.98,147.95
2020120300,19.15,929.88,120.49,144.36,137.23,141.0
2020120400,20.09,917.71,110.06,134.83,130.08,133.97
2020120500,20.05,1465.12,102.5,120.1,112.6,138.67
2020120600,22.86,1007.48,108.44,123.2,115.26,160.36
2020120700,24.53,1013.65,123.84,145.89,138.94,169.87
2020120800,24.1,1004.57,121.63,143.21,137.75,159.37
2020120900,25.07,925.66,122.46,143.4,138.98,146.53
2020121000,24.18,935.88,122.72,140.69,135.95,143.57
2020121100,21.95,929.94,114.59,134.08,129.05,140.94
2020121200,20.8,915.39,102.35,119.01,113.32,149.68
2020121300,22.97,987.52,105.75,121.69,120.39,164.84
2020121400,23.56,953.47,116.18,142.81,141.85,155.2
2020121500,22.19,896.97,114.62,141.42,138.3,143.89
2020121600,23.34,886.79,116.82,141.95,138.53,140.2
2020121700,21.74,884.89,112.75,132.77,129.89,135.31
2020121800,19.65,835.98,99.34,122.27,118.32,129.32
2020121900,18.38,845.39,92.17,110.69,105.43,134.34
2020122000,18.6,895.89,95.44,112.91,105.03,182.36
2020122100,20.52,860.21,98.21,121.81,125.3,139.1
2020122200,20.58,853.79,95.25,118.05,136.4,128.99
2020122300,21.27,827.78,90.73,111.73,106.84,121.13
2020122400,20.12,821.61,82.78,97.98,94.32,114.25
2020122500,18.07,921.6,84.05,87.86,88.15,117.24
2020122600,18.15,1134.49,88.59,110.75,101.78,142.36
2020122700,18.95,963.71,96.33,109.75,108.07,150.05
2020122800,20.68,920.02,97.06,119.31,114.27,150.2
2020122900,19.28,890.3,96.88,116.97,109.25,142.38
2020123000,18.15,856.68,94.93,117.89,106.92,136.67
2020123100,16.58,831.06,85.33,100.08,93.49,127.08
2021010100,16.04,928.9,88.52,96.71,99.22,150.73
2021010200,18.84,956.49,99.87,113.14,107.99,161.08
2021010300,19.39,983.53,105.35,117.85,108.95,172.9
2021010400,21.23,912.19,110.69,132.09,123.59,160.71
2021010500,21.13,888.54,110.07,135.02,127.94,148.07
2021010600,22.1,911.17,104.97,130.48,121.99,145.67
2021010700,25.85,956.73,102.99,127.39,119.51,138.53
2021010800,22.62,939.93,103.26,126.29,122.04,140.68
2021010900,19.77,923.67,98.56,113.3,107.64,147.49
2021011000,20.18,958.12,104.74,121.85,111.49,162.58
2021011100,22.24,918.57,120.51,135.86,128.2,160.56
2021011200,21.74,870.18,116.82,136.14,133.04,143.28
2021011300,23.28,917.03,113.86,135.78,129.22,133.93
2021011400,21.14,906.42,118.08,134.58,127.76,132.99
2021011500,20.11,879.56,106.96,122.74,119.25,135.68
2021011600,18.31,881.94,95.41,113.13,102.06,160.01
2021011700,19.26,902.21,106.17,112.35,105.99,176.2
2021011800,21.91,902.98,113.38,129.19,119.66,170.2
2021011900,21.95,896.61,117.89,133.75,128.77,150.38
2021012000,24.8,1122.78,111.75,129.95,123.53,135.55
2021012100,22.61,993.37,112.18,129.99,123.6,134.0
2021012200,21.09,909.07,106.34,127.53,120.19,136.83
2021012300,17.77,898.78,101.38,115.7,107.32,136.46
2021012400,19.63,933.22,112.4,121.5,117.27,187.53
2021012500,21.32,904.4,121.35,137.39,129.62,183.44
2021012600,20.57,887.86,118.22,135.09,128.63,141.46
2021012700,20.3,872.06,117.59,138.45,131.09,145.97
2021012800,20.75,861.7,116.29,136.21,126.64,130.73
2021012900,19.43,881.6,109.56,127.77,119.59,130.46
2021013000,18.2,882.06,101.9,111.82,105.67,135.84
2021013100,19.25,922.19,108.68,115.09,106.75,142.32
2021020100,20.86,885.94,115.48,133.21,128.7,139.45
2021020200,21.4,867.75,116.38,143.5,132.41,140.08
2021020300,21.73,859.69,118.7,139.84,133.92,139.29
2021020400,21.18,849.44,123.95,137.67,142.16,135.84
2021020500,19.32,830.57,114.96,129.0,128.75,135.32
2021020600,16.44,859.82,103.61,114.45,106.66,143.49
2021020700,17.88,885.91,108.8,121.13,115.79,193.08
2021020800,20.22,883.71,117.24,137.95,133.08,281.84
2021020900,21.93,847.21,117.11,138.97,134.19,157.22
2021021000,21.25,834.17,116.35,145.55,141.02,141.12
2021021100,20.43,851.56,114.07,147.52,134.82,132.85
2021021200,18.4,852.39,105.14,135.14,120.35,132.7
2021021300,17.18,843.4,99.38,116.27,104.86,140.73
2021021400,20.5,922.4,110.02,131.57,107.15,147.52
2021021500,32.63,891.87,113.02,140.5,124.66,138.39
2021021600,29.44,849.78,116.76,139.37,127.95,136.07
2021021700,32.5,860.62,118.81,141.91,127.45,134.73
2021021800,25.23,859.88,116.72,147.68,133.58,169.73
2021021900,23.5,945.82,111.66,189.39,123.83,244.61
2021022000,22.57,854.21,102.63,120.9,108.79,145.39
2021022100,19.56,931.6,112.67,128.38,114.44,153.25
2021022200,23.28,928.95,124.72,194.04,133.82,203.11
2021022300,21.58,906.97,122.69,145.53,136.45,142.45
2021022400,22.93,924.32,130.64,149.89,143.22,143.38
2021022500,21.49,900.38,124.49,148.88,138.73,148.59
2021022600,19.52,907.64,120.77,137.06,130.96,147.62
2021022700,16.58,869.95,110.37,121.17,114.11,135.8
2021022800,18.28,924.71,120.27,129.39,121.4,147.8
2021030100,21.47,953.54,132.7,147.35,140.24,143.63
2021030200,21.49,930.95,132.6,147.57,140.8,134.69
2021030300,20.8,904.19,129.74,149.39,141.07,130.79
2021030400,20.62,904.21,130.56,146.03,139.76,128.72
2021030500,19.14,889.81,121.29,137.97,129.69,127.71
2021030600,17.29,880.9,109.62,122.85,111.23,131.74
2021030700,19.18,990.73,120.5,128.36,118.38,164.05
2021030800,21.26,1015.43,129.2,144.19,139.44,147.88
2021030900,22.75,995.36,129.77,146.96,134.88,142.96
2021031000,21.72,976.34,128.26,145.6,139.47,141.96
2021031100,21.31,941.01,130.65,140.59,162.91,137.87
2021031200,20.97,912.16,128.99,131.96,159.98,126.71
2021031300,17.86,916.64,115.02,118.65,113.66,124.66
2021031400,18.77,994.07,144.86,131.81,140.9,134.26
2021031500,20.63,975.65,130.72,144.63,143.99,129.98
2021031600,20.48,918.67,127.71,146.39,136.83,130.08
2021031700,20.71,888.91,126.65,139.23,137.11,135.19
2021031800,20.29,864.24,121.34,141.95,133.32,135.9
2021031900,18.76,834.58,114.96,131.5,123.77,134.08
2021032000,16.43,849.65,109.9,117.18,111.05,135.9
2021032100,17.47,903.5,114.23,124.33,116.48,144.38
2021032200,19.1,890.96,125.77,140.1,131.59,143.07
2021032300,18.45,862.49,133.61,140.22,131.67,141.86
2021032400,19.3,907.17,130.58,141.29,130.51,149.21
2021032500,18.26,865.44,122.34,136.63,137.19,149.03
2021032600,17.4,852.25,116.96,128.47,127.04,138.06
2021032700,15.52,841.2,107.15,112.31,106.5,158.64
2021032800,15.78,912.74,113.44,115.93,110.6,151.67
2021032900,17.33,871.3,121.81,132.32,121.9,139.67
2021033000,17.35,848.01,120.99,131.33,124.73,140.48
2021033100,16.69,839.19,116.16,130.0,120.37,139.26
2021040100,16.33,825.55,113.08,123.97,116.75,131.17
2021040200,14.69,805.59,103.3,114.03,109.73,120.49
2021040300,14.42,830.11,100.7,108.93,104.37,120.84
2021040400,14.53,871.98,109.35,110.73,104.39,126.17
2021040500,17.0,890.35,118.09,133.03,126.09,133.58
2021040600,16.68,898.66,116.15,135.32,162.05,132.74
2021040700,17.34,874.74,118.21,134.88,129.27,128.95
2021040800,17.77,859.15,121.19,132.87,129.8,131.05
2021040900,22.1,1428.71,119.01,126.73,120.35,130.3
2021041000,20.27,1232.02,112.13,111.52,106.68,134.21
2021041100,19.09,1204.3,124.31,118.91,113.32,141.17
2021041200,19.12,1109.57,129.35,132.65,127.2,129.88
2021041300,17.16,929.01,126.02,137.04,125.32,128.32
2021041400,16.85,893.81,121.73,134.46,128.61,128.22
2021041500,16.98,972.89,118.63,132.63,120.23,140.34
2021041600,16.06,1101.09,112.83,147.39,124.63,125.92
2021041700,19.89,1251.65,104.79,144.84,106.99,134.3
2021041800,18.43,1146.33,110.36,150.11,109.3,144.87
2021041900,18.7,1001.5,119.43,143.62,127.12,150.14
2021042000,18.15,990.26,117.06,143.13,126.21,138.59
2021042100,18.2,967.03,115.16,137.8,124.15,138.39
2021042200,17.97,908.95,115.92,135.86,125.26,128.26
2021042300,16.93,856.07,108.04,124.92,116.87,124.65
2021042400,14.98,848.55,97.53,115.42,102.41,120.19
2021042500,15.62,900.35,108.65,117.93,107.01,132.67
2021042600,18.07,893.61,120.47,136.64,125.88,129.65
2021042700,16.88,856.25,115.06,131.66,122.31,128.52
2021042800,17.29,901.52,114.88,131.98,120.5,123.97
2021042900,17.33,897.96,118.99,131.4,120.35,127.06
2021043000,15.8,825.3,120.76,124.09,112.72,124.53
2021050100,13.77,821.43,110.53,110.22,97.29,125.92
2021050200,14.72,871.18,117.69,119.49,103.86,141.66
2021050300,16.66,908.5,132.93,134.07,123.75,143.46
2021050400,17.15,878.6,127.52,135.65,122.66,134.84
2021050500,17.23,846.59,126.11,137.2,122.07,132.74
2021050600,16.88,835.15,132.67,135.3,120.81,134.96
2021050700,16.09,830.06,133.05,129.74,109.85,124.17
2021050800,14.6,862.12,124.11,132.5,103.91,126.39
2021050900,14.41,865.35,109.0,152.03,99.5,137.45
2021051000,16.74,870.69,111.74,137.85,118.97,129.2
2021051100,16.34,917.08,110.49,130.93,122.03,134.9
2021051200,15.61,872.96,121.3,123.98,125.78,130.82
2021051300,15.21,846.22,131.79,118.85,129.53,127.53
2021051400,14.47,810.59,97.53,112.33,106.89,117.29
2021051500,13.2,830.63,95.32,104.28,95.03,128.1
2021051600,15.14,901.88,100.82,110.38,104.36,140.48
2021051700,16.27,917.69,109.25,129.01,125.93,134.63
2021051800,16.59,884.34,107.97,130.19,121.99,132.29
2021051900,16.94,842.41,106.15,128.89,118.74,129.0
2021052000,16.21,828.08,105.35,128.19,115.46,132.9
2021052100,14.7,829.08,103.6,119.38,109.43,125.93
2021052200,13.26,825.29,93.66,107.83,96.17,144.84
2021052300,14.2,911.28,101.69,114.28,101.88,208.87
2021052400,15.99,944.32,109.66,132.04,114.81,186.03
2021052500,16.54,905.62,109.39,131.17,117.19,145.51
2021052600,16.46,876.38,105.69,124.93,117.52,140.07
2021052700,15.8,823.06,103.32,123.27,119.76,135.98
2021052800,14.64,823.31,98.63,116.96,108.89,122.28
2021052900,13.07,820.36,96.82,105.82,95.91,132.25
2021053000,13.16,860.87,99.6,108.5,102.09,137.4
2021053100,15.45,885.28,103.27,124.49,117.3,138.88
2021060100,15.18,874.35,100.68,133.69,113.47,130.51
2021060200,14.12,851.44,98.94,130.14,112.13,128.91
2021060300,15.13,835.83,98.56,122.05,111.81,129.27
2021060400,14.14,826.11,102.06,120.24,107.5,128.76
2021060500,12.18,775.38,87.31,108.3,97.58,130.99
2021060600,13.34,841.85,95.68,111.74,98.54,135.44
2021060700,13.47,810.31,101.06,125.73,114.87,147.65
2021060800,14.23,796.26,100.38,128.37,115.36,132.13
2021060900,14.33,776.02,101.03,126.27,116.86,130.63
2021061000,14.0,805.15,97.83,121.46,111.64,124.72
2021061100,13.05,769.96,93.77,115.65,103.54,134.72
2021061200,12.1,821.83,85.76,105.19,118.26,144.81
2021061300,12.72,791.58,90.71,117.96,95.61,153.81
2021061400,12.89,792.35,98.42,123.07,109.03,143.04
2021061500,13.72,774.4,95.94,121.27,107.89,151.83
2021061600,14.18,748.11,94.92,121.83,105.58,145.15
2021061700,13.45,758.97,94.22,117.86,104.64,139.1
2021061800,12.45,767.23,99.26,115.64,98.35,137.41
2021061900,11.59,762.77,86.86,103.54,90.22,145.97
2021062000,11.72,777.16,89.88,106.75,92.88,150.17
2021062100,12.94,756.14,95.06,119.28,101.8,149.37
2021062200,13.02,743.56,92.82,119.85,102.1,144.9
2021062300,13.02,729.95,90.48,117.82,107.91,147.52
2021062400,12.77,732.59,92.23,118.34,102.55,138.28
2021062500,12.37,739.18,85.82,106.87,94.95,122.97
2021062600,11.25,736.41,83.78,97.7,84.55,137.84
2021062700,11.59,778.81,90.2,100.69,87.4,150.71
2021062800,13.87,755.5,91.3,112.35,101.56,153.7
2021062900,13.36,757.88,94.4,113.79,101.18,174.01
2021063000,12.32,745.72,93.75,113.62,100.86,142.48
2021070100,13.23,782.23,94.77,117.23,107.78,140.07
2021070200,12.05,810.76,93.4,109.99,101.71,150.56
2021070300,11.06,802.9,89.99,102.65,92.25,220.2
2021070400,11.58,849.82,91.83,103.98,95.39,163.26
2021070500,12.24,829.59,95.33,114.55,104.8,147.3
2021070600,12.5,860.11,101.85,119.27,105.75,157.93
2021070700,12.78,834.49,94.0,114.24,104.11,164.72
2021070800,12.4,811.06,96.39,116.83,102.78,152.53
2021070900,12.08,767.14,91.19,107.87,98.28,132.87
2021071000,10.64,782.2,86.85,98.92,91.83,136.65
2021071100,11.29,840.94,87.64,98.44,91.45,200.95
2021071200,11.91,804.19,96.11,111.16,106.58,184.5
2021071300,11.53,788.72,101.12,127.22,104.68,168.15
2021071400,12.71,770.52,98.09,124.96,104.25,146.99
2021071500,12.62,757.79,95.8,111.4,103.08,140.71
2021071600,11.89,753.74,93.59,104.5,97.79,131.96
2021071700,13.74,761.12,87.57,98.56,87.78,136.58
2021071800,11.71,820.76,93.21,102.75,90.24,148.7
2021071900,14.56,794.13,98.99,109.81,103.03,148.46
2021072000,15.29,771.72,90.78,107.87,100.18,144.76
2021072100,15.08,759.3,88.25,110.56,96.46,159.17
2021072200,17.42,777.52,91.05,112.66,104.14,165.72
2021072300,15.79,786.3,88.12,103.76,97.79,223.94
2021072400,13.53,769.27,82.17,95.24,92.2,279.22
2021072500,12.22,806.74,84.68,97.34,88.17,283.38
2021072600,14.54,787.31,93.38,109.94,102.22,285.9
2021072700,16.35,761.95,92.57,111.49,103.24,282.57
2021072800,13.96,753.86,94.09,110.87,101.16,280.22
2021072900,14.0,741.99,88.7,111.09,98.8,262.2
2021073000,13.29,742.14,88.74,106.2,96.29,267.15
2021073100,14.29,775.18,86.45,99.37,91.88,267.62
2021080100,14.24,792.06,93.52,104.02,92.58,305.22
2021080200,11.63,787.08,96.69,112.71,102.37,292.68
2021080300,11.81,744.65,90.66,109.34,100.3,266.81
2021080400,12.26,736.52,88.94,107.87,99.69,284.88
2021080500,13.4,742.24,89.36,106.51,98.5,306.6
2021080600,12.34,717.72,86.69,100.57,92.51,308.32
2021080700,11.71,748.72,85.21,96.69,87.01,361.84
2021080800,11.13,793.82,91.76,97.88,90.48,338.88
2021080900,12.28,762.47,96.46,110.04,100.02,206.64
2021081000,12.17,754.82,93.15,120.37,102.7,182.71
2021081100,12.49,767.39,91.34,113.68,100.2,182.17
2021081200,13.31,776.1,93.24,115.17,102.73,165.88
2021081300,12.73,730.28,87.18,104.23,95.27,149.27
2021081400,12.2,744.45,85.71,95.2,85.99,146.55
2021081500,11.69,794.63,90.57,96.51,89.51,148.46
2021081600,13.35,795.53,95.38,106.35,101.98,137.43
2021081700,13.91,793.37,95.85,109.2,108.03,135.65
2021081800,13.56,780.46,96.72,110.35,116.3,130.37
2021081900,14.18,788.33,96.17,110.97,110.55,129.38
2021082000,13.93,771.55,94.91,105.29,102.03,123.43
2021082100,12.99,806.93,91.06,96.79,90.7,132.5
2021082200,11.65,811.45,90.53,96.75,91.87,136.78
2021082300,13.78,791.88,100.04,116.69,111.11,130.59
2021082400,13.61,804.04,97.32,113.79,110.98,127.73
2021082500,13.83,793.87,100.27,112.43,112.79,136.78
2021082600,13.04,771.06,96.79,110.93,110.02,161.17
2021082700,12.58,768.68,96.71,104.74,105.45,175.48
2021082800,11.48,767.48,89.96,97.72,92.72,152.32
2021082900,11.54,829.47,96.14,106.82,94.97,151.21
2021083000,12.54,799.26,102.5,113.4,107.95,136.17
2021083100,12.85,754.59,101.68,110.2,109.49,136.41
2021090100,13.23,750.19,105.75,113.31,113.53,144.67
2021090200,15.5,740.02,105.21,113.68,111.22,145.08
2021090300,12.14,723.11,143.27,104.09,103.36,134.89
2021090400,11.17,733.17,105.3,95.57,88.52,131.47
2021090500,11.22,785.8,102.4,100.91,92.81,145.83
2021090600,12.21,814.03,110.13,112.82,110.26,140.49
2021090700,13.44,812.4,108.97,118.51,120.46,139.03
2021090800,13.93,852.41,109.27,114.73,118.63,140.69
2021090900,13.62,868.1,109.2,116.91,122.03,132.05
2021091000,12.95,816.4,98.84,105.3,112.64,128.83
2021091100,12.95,889.74,92.61,95.13,95.87,130.28
2021091200,13.72,892.34,97.97,100.46,107.38,138.09
2021091300,14.57,820.33,107.14,114.77,124.1,127.54
2021091400,14.99,784.13,110.18,117.36,126.21,126.33
2021091500,14.3,856.74,123.33,154.79,131.27,175.67
2021091600,14.64,821.56,116.94,125.64,127.44,159.48
2021091700,14.05,810.93,106.44,127.43,117.59,148.51
2021091800,12.46,741.55,91.53,99.4,97.11,116.33
2021091900,12.73,784.25,96.57,106.57,104.78,127.98
2021092000,14.05,809.1,107.43,118.86,124.23,127.89
2021092100,14.61,769.33,110.22,120.16,127.3,123.04
2021092200,14.67,790.59,110.49,121.25,127.12,121.2
2021092300,14.29,761.0,107.31,116.93,124.66,118.9
2021092400,12.95,751.72,100.41,109.63,116.08,113.74
2021092500,12.13,739.84,93.27,99.77,100.48,120.28
2021092600,12.98,769.36,97.79,104.9,106.08,135.33
2021092700,17.99,787.81,109.4,121.42,127.07,128.21
2021092800,17.45,777.22,109.43,122.24,127.57,126.44
2021092900,17.01,763.58,109.26,120.9,127.36,127.37
2021093000,21.77,764.72,106.42,120.18,124.09,125.2
2021100100,24.7,749.27,100.52,107.98,116.99,115.79
2021100200,17.79,761.77,96.57,98.36,104.19,115.46
2021100300,13.46,808.55,114.47,112.36,107.2,130.64
2021100400,14.79,806.43,142.47,122.25,128.79,123.68
2021100500,18.61,789.13,118.66,121.11,129.39,113.79
2021100600,17.78,769.38,111.9,118.68,130.22,113.86
2021100700,16.45,786.93,108.16,115.34,127.06,118.66
2021100800,12.55,757.04,109.14,108.13,115.81,121.03
2021100900,15.96,792.04,98.01,101.11,103.78,130.92
2021101000,13.09,810.9,112.94,108.58,109.69,151.22
2021101100,14.39,801.93,111.49,122.25,123.74,148.83
2021101200,14.48,785.3,110.76,118.24,126.89,157.68
2021101300,14.05,769.52,123.34,116.87,123.82,138.67
2021101400,13.35,778.22,118.56,113.12,121.8,130.23
2021101500,11.76,755.57,108.4,103.56,112.63,123.28
2021101600,12.67,758.53,98.26,95.63,97.78,118.91
2021101700,13.31,821.52,100.42,104.9,108.4,122.17
2021101800,14.58,801.95,107.71,121.4,122.82,117.32
2021101900,15.64,788.46,108.94,119.04,126.85,124.32
2021102000,15.7,787.28,108.89,121.18,127.07,125.55
2021102100,14.81,827.87,109.52,118.77,126.51,121.39
2021102200,13.41,777.96,102.27,110.82,115.76,118.58
2021102300,12.35,744.89,94.97,115.1,98.91,113.45
2021102400,12.81,829.21,101.65,110.35,105.94,135.63
2021102500,14.48,825.65,116.45,130.23,140.95,125.95
2021102600,14.29,794.05,119.68,123.28,127.3,118.31
2021102700,14.15,776.82,117.32,123.51,126.91,117.19
2021102800,14.04,777.67,114.43,117.13,123.24,125.25
2021102900,12.69,764.97,102.78,106.87,111.69,122.0
2021103000,12.14,774.41,96.72,91.9,94.33,123.32
2021103100,11.43,806.53,104.74,96.7,100.11,147.11
2021110100,13.63,798.85,111.84,111.83,118.82,158.53
2021110200,13.69,785.49,106.58,110.06,119.23,136.43
2021110300,12.34,761.37,115.21,108.75,118.84,138.59
2021110400,11.9,761.95,113.13,104.65,115.19,129.88
2021110500,14.5,819.16,127.85,101.47,108.09,121.05
2021110600,14.88,750.7,91.32,91.31,95.66,122.56
2021110700,12.85,784.11,99.84,99.76,107.21,134.93
2021110800,14.23,788.51,109.9,115.26,125.16,128.3
2021110900,17.51,829.13,117.84,138.43,133.73,123.18
2021111000,13.82,770.06,108.52,114.46,123.75,120.15
2021111100,14.91,789.3,104.97,114.0,118.67,129.18
2021111200,12.96,826.86,110.6,103.87,112.69,142.81
2021111300,12.12,807.73,98.45,93.48,98.57,150.16
2021111400,12.92,869.0,108.27,99.25,103.76,190.08
2021111500,14.16,841.55,119.52,117.55,122.53,202.04
2021111600,14.2,798.41,109.69,114.85,123.21,190.74
2021111700,14.73,805.98,115.53,115.08,121.12,164.35
2021111800,14.5,813.17,129.17,120.04,123.85,125.72
2021111900,13.22,761.96,111.32,108.77,111.16,116.54
2021112000,11.39,741.48,102.26,100.57,92.83,117.34
2021112100,12.76,784.85,113.92,105.34,105.99,135.39
2021112200,14.63,779.27,115.08,122.21,121.01,126.52
2021112300,14.25,769.24,108.66,119.07,120.14,126.68
2021112400,14.34,747.78,102.31,116.57,115.99,126.63
2021112500,14.28,738.6,98.15,111.49,109.49,130.71
2021112600,13.6,755.06,93.43,114.6,105.29,133.05
2021112700,14.03,809.32,92.77,110.44,98.24,128.64
2021112800,19.43,869.19,102.56,123.92,102.25,132.23
2021112900,29.28,849.19,109.04,123.91,120.89,128.84
2021113000,14.92,836.4,107.48,137.7,127.32,124.03
2021120100,14.78,803.22,108.46,133.52,121.95,118.77
2021120200,15.83,807.62,119.48,132.7,122.66,120.6
2021120300,15.78,795.34,105.33,140.29,118.55,119.78
2021120400,17.33,805.68,97.88,136.85,102.58,121.76
2021120500,17.8,859.45,104.83,137.45,106.72,134.31
2021120600,17.87,860.22,112.25,125.6,123.11,127.11
2021120700,24.15,861.36,114.32,126.02,121.12,129.68
2021120800,14.16,899.71,109.54,145.54,120.57,137.79
2021120900,13.76,908.06,105.23,145.59,119.06,136.52
2021121000,13.21,842.76,96.86,116.5,110.12,124.27
2021121100,11.97,823.12,90.1,113.42,97.53,118.05
2021121200,13.23,835.71,99.42,119.76,101.8,136.28
2021121300,14.61,831.71,109.08,127.17,118.71,153.62
2021121400,15.13,807.7,108.3,130.67,119.12,132.55
2021121500,15.39,791.9,134.91,124.73,115.95,124.27
2021121600,13.95,799.56,139.55,125.42,114.46,115.36
2021121700,12.64,766.24,109.36,114.38,102.99,113.83
2021121800,11.68,763.99,95.59,99.42,90.6,112.78
2021121900,13.18,790.96,96.45,103.44,97.22,121.16
2021122000,13.52,783.58,96.72,114.64,108.07,116.46
2021122100,14.01,748.69,95.48,106.79,116.53,107.22
2021122200,13.52,735.47,93.59,133.32,121.01,104.33
2021122300,13.13,737.58,86.33,126.39,99.52,102.23
2021122400,12.21,768.74,82.54,114.14,87.45,100.65
2021122500,12.01,833.6,85.53,92.52,86.07,117.34
2021122600,12.66,888.28,87.51,105.89,89.04,128.2
2021122700,12.58,855.75,93.28,107.75,98.46,138.58
2021122800,12.57,828.28,93.11,105.49,106.06,123.03
2021122900,13.09,850.46,93.64,108.23,101.29,122.17
2021123000,12.57,827.03,92.02,106.97,95.9,116.47
2021123100,11.22,788.09,81.48,98.61,88.49,111.77
2022010100,10.96,887.83,86.57,99.65,87.84,121.13
2022010200,13.54,947.51,101.19,111.36,100.52,140.15
2022010300,13.3,873.52,104.31,114.44,106.99,139.99
2022010400,14.02,832.11,103.14,117.99,109.57,128.33
2022010500,13.99,841.54,108.18,124.24,112.14,122.14
2022010600,13.6,825.32,105.58,118.19,107.4,124.79
2022010700,13.49,841.46,107.05,117.15,114.3,124.13
2022010800,13.38,934.8,101.58,107.87,128.86,128.52
2022010900,17.59,933.04,105.92,108.42,108.92,136.57
2022011000,14.62,856.94,110.8,122.93,117.97,135.81
2022011100,14.94,834.98,110.46,131.53,122.6,130.89
2022011200,14.57,836.48,110.12,124.19,117.93,129.42
2022011300,14.61,810.34,108.59,120.64,110.52,126.27
2022011400,12.95,800.42,103.37,110.84,106.37,119.54
2022011500,12.01,799.49,96.3,102.94,94.42,122.01
2022011600,12.94,842.19,101.56,104.69,98.59,144.51
2022011700,13.21,823.59,105.5,114.23,108.13,131.45
2022011800,13.32,821.34,108.23,117.9,113.2,130.73
2022011900,13.82,805.78,107.91,121.15,115.84,178.43
2022012000,14.49,795.41,106.95,119.39,115.74,152.32
2022012100,13.6,798.85,103.76,118.2,113.48,132.66
2022012200,12.22,836.77,95.62,114.45,98.02,132.68
2022012300,12.71,835.65,102.25,111.4,103.52,160.88
2022012400,13.3,792.65,107.64,119.78,116.04,144.69
2022012500,13.6,796.18,109.45,119.07,117.61,128.29
2022012600,13.05,803.55,114.24,120.21,118.35,135.48
2022012700,14.26,836.13,114.96,125.87,124.18,148.13
2022012800,13.26,857.25,116.36,122.02,116.2,148.25
2022012900,12.14,879.17,103.34,109.59,103.82,145.85
2022013000,13.04,923.44,109.81,112.24,106.39,169.03
2022013100,14.62,868.33,114.72,128.48,123.01,170.2
2022020100,14.48,839.81,123.41,124.95,120.79,151.93
2022020200,14.56,844.06,136.1,124.82,122.27,156.94
2022020300,14.58,849.85,131.28,125.41,123.23,162.98
2022020400,13.82,845.28,122.3,118.47,114.28,179.73
2022020500,11.98,851.07,111.14,104.83,113.91,173.04
2022020600,13.25,927.96,117.51,108.6,104.99,216.53
2022020700,14.72,876.65,150.67,127.02,128.81,196.34
2022020800,15.16,839.5,164.69,127.72,129.15,168.64
2022020900,15.89,830.28,155.78,127.97,125.56,157.88
2022021000,15.64,854.76,158.21,128.14,126.37,178.52
2022021100,14.32,811.44,154.59,123.23,120.06,164.94
2022021200,13.11,819.86,150.68,110.58,102.23,177.33
2022021300,14.69,894.39,161.06,120.04,124.07,199.91
2022021400,14.67,846.45,147.06,123.67,126.28,204.0
2022021500,15.72,816.98,131.71,122.79,122.34,165.66
2022021600,15.05,819.73,113.84,124.3,121.15,159.22
2022021700,16.31,823.43,113.82,126.88,123.82,172.91
2022021800,14.99,857.54,109.22,116.06,115.88,167.88
2022021900,14.71,826.58,101.68,104.23,104.72,165.6
2022022000,15.81,912.67,109.33,110.82,107.63,175.71
2022022100,16.5,933.17,115.88,122.01,118.81,145.87
2022022200,16.87,886.93,113.37,124.93,123.11,138.72
2022022300,21.99,901.52,113.91,124.95,122.61,138.94
2022022400,18.1,852.88,110.42,118.6,112.16,135.08
2022022500,17.04,829.42,97.92,108.72,105.1,133.15
2022022600,14.79,819.29,89.52,97.75,94.92,124.32
2022022700,16.88,890.27,100.59,106.72,101.75,131.84
2022022800,17.15,887.07,104.89,119.14,113.81,136.49
2022030100,17.64,842.1,105.27,116.94,113.64,126.49
2022030200,18.79,804.21,107.76,119.88,116.58,122.65
2022030300,18.53,809.67,102.95,117.08,111.23,119.86
2022030400,18.18,773.29,97.76,112.13,108.23,122.75
2022030500,17.55,767.96,91.93,99.84,94.58,117.56
2022030600,15.79,850.4,98.77,106.93,100.65,131.53
2022030700,16.73,843.61,108.02,119.98,116.57,131.35
2022030800,16.79,802.52,105.47,117.86,116.46,125.91
2022030900,16.54,875.35,104.29,120.76,119.14,127.85
2022031000,17.2,831.17,105.63,118.05,115.45,128.3
2022031100,15.4,802.39,97.4,110.52,107.61,119.02
2022031200,13.74,815.6,91.64,99.91,94.57,121.37
2022031300,14.5,871.58,96.96,104.09,103.37,134.37
2022031400,15.44,871.94,103.33,118.26,147.08,126.75
2022031500,16.19,815.1,102.91,117.44,126.73,129.96
2022031600,15.79,823.25,105.39,114.26,118.73,128.13
2022031700,13.55,781.23,97.64,108.11,108.17,124.44
2022031800,12.66,754.31,93.83,101.35,101.67,140.19
2022031900,11.66,778.09,88.48,93.98,89.76,131.42
2022032000,12.68,831.04,97.21,104.18,95.92,152.85
2022032100,14.63,847.15,105.67,122.92,112.99,156.59
2022032200,14.61,839.46,109.3,121.32,114.32,139.09
2022032300,15.16,829.77,108.59,120.86,117.16,136.68
2022032400,14.71,800.29,105.17,116.8,114.46,171.12
2022032500,13.31,775.44,95.36,109.18,105.69,189.45
2022032600,11.77,767.6,88.06,96.48,93.14,144.83
2022032700,12.91,860.18,95.86,107.99,103.68,159.79
2022032800,13.99,878.01,101.32,115.68,113.1,163.71
2022032900,14.37,816.94,101.94,114.17,114.21,178.75
2022033000,14.36,801.95,102.33,115.48,114.54,184.09
2022033100,15.16,813.91,99.71,114.81,115.45,164.73
2022040100,12.23,793.8,92.63,103.86,108.13,194.59
2022040200,11.71,810.88,94.13,98.22,94.29,157.27
2022040300,11.69,816.67,93.31,102.39,99.21,138.07
2022040400,13.79,847.7,105.98,119.05,119.08,132.78
2022040500,14.03,809.39,102.84,117.05,113.93,129.3
2022040600,14.25,809.59,104.68,119.26,116.44,127.02
2022040700,14.17,817.68,104.43,117.14,114.48,128.97
2022040800,12.79,793.96,97.39,109.07,106.93,122.6
2022040900,11.39,796.47,91.99,98.11,161.54,122.69
2022041000,12.36,856.58,98.46,105.66,99.68,139.99
2022041100,13.43,824.16,101.84,114.34,112.11,121.96
2022041200,12.74,792.04,100.8,111.94,112.28,124.91
2022041300,11.86,766.15,96.19,106.25,108.95,132.8
2022041400,11.46,781.8,94.0,100.96,101.48,132.64
2022041500,11.34,775.75,90.77,96.59,99.85,121.44
2022041600,11.26,781.32,86.74,94.29,90.31,116.37
2022041700,11.57,827.16,93.33,97.55,96.71,124.98
2022041800,14.88,829.64,106.49,115.5,110.81,126.4
2022041900,19.14,796.92,108.66,125.65,119.62,125.23
2022042000,17.84,778.55,112.21,136.52,115.54,124.28
2022042100,17.41,803.45,99.39,125.86,107.0,114.41
2022042200,15.37,799.45,93.67,109.62,106.81,115.12
2022042300,13.45,761.65,95.83,101.79,96.37,123.0
2022042400,13.77,788.02,98.43,107.15,101.69,142.29
2022042500,15.99,808.06,105.63,122.23,119.38,131.35
2022042600,17.19,765.72,101.66,118.79,116.66,122.37
2022042700,15.49,778.28,100.1,119.59,112.09,118.28
2022042800,15.92,769.91,99.11,126.27,113.47,117.79
2022042900,14.73,717.68,90.09,105.71,100.7,107.81
2022043000,12.52,724.09,83.47,107.31,90.52,109.09
2022050100,12.44,796.37,93.46,120.03,96.36,125.13
2022050200,12.78,815.41,98.9,111.75,110.28,127.56
2022050300,14.98,988.02,99.25,118.01,118.55,148.66
2022050400,16.29,969.38,107.41,130.04,116.47,148.46
2022050500,16.4,750.66,96.09,114.4,109.84,130.41
2022050600,15.73,726.67,91.66,116.57,103.47,122.51
2022050700,13.78,733.24,111.59,117.47,93.25,127.43
2022050800,13.61,783.51,97.47,156.04,102.42,132.97
2022050900,16.61,794.05,105.19,120.83,111.1,128.41
2022051000,17.85,1081.12,107.11,122.37,116.23,125.43
2022051100,17.27,760.95,99.83,118.82,113.22,121.62
2022051200,16.64,790.31,99.31,111.33,111.48,119.21
2022051300,15.38,771.97,95.25,107.23,105.91,116.72
2022051400,13.42,743.61,84.43,94.73,88.56,122.05
2022051500,12.95,798.96,91.92,102.05,93.48,129.27
2022051600,17.48,800.04,98.45,114.15,108.37,132.05
2022051700,15.39,762.49,95.75,114.8,107.88,123.98
2022051800,15.64,818.69,126.99,114.17,132.16,134.41
2022051900,15.69,756.95,106.66,112.84,111.59,133.87
2022052000,14.92,721.42,89.84,104.13,99.07,122.12
2022052100,13.04,708.47,84.83,93.27,86.74,125.63
2022052200,13.1,787.32,91.56,98.88,92.25,161.53
2022052300,16.37,808.16,97.86,114.41,107.29,147.04
2022052400,15.38,784.21,97.6,112.84,108.8,130.97
2022052500,15.1,748.27,98.98,111.62,105.96,144.4
2022052600,14.52,767.69,101.75,118.34,105.73,150.7
2022052700,14.07,723.75,89.93,100.63,95.12,128.84
2022052800,13.44,729.15,85.49,91.44,86.47,149.03
2022052900,13.38,785.95,91.21,97.12,90.34,161.77
2022053000,14.64,797.58,99.12,110.76,103.05,144.02
2022053100,15.8,787.88,114.61,110.24,106.94,132.11
2022060100,15.01,789.84,92.04,107.43,102.16,134.0
2022060200,15.86,859.91,92.3,106.62,102.79,132.08
2022060300,14.93,828.55,86.93,98.29,98.75,121.78
2022060400,13.9,829.36,88.18,93.75,119.95,120.65
2022060500,13.17,910.77,93.62,98.64,95.58,148.51
2022060600,15.7,850.23,98.67,110.71,106.35,140.82
2022060700,15.02,783.82,102.49,110.94,106.8,141.25
2022060800,16.13,764.95,95.57,109.17,104.94,140.42
2022060900,16.22,745.42,91.36,108.56,103.46,133.07
2022061000,14.41,746.53,92.63,107.45,101.23,122.89
2022061100,13.84,757.3,85.09,99.74,91.57,126.12
2022061200,14.56,811.11,92.08,102.84,97.41,139.89
2022061300,17.39,828.32,95.91,112.23,106.59,142.08
2022061400,18.03,813.81,98.81,114.6,106.84,159.36
2022061500,16.22,761.1,93.61,111.55,103.11,141.57
2022061600,15.7,765.36,93.17,106.62,100.59,131.98
2022061700,14.49,754.63,89.81,98.96,94.08,129.59
2022061800,13.44,793.3,86.91,93.89,88.01,121.62
2022061900,13.98,797.38,87.48,97.86,91.07,133.33
2022062000,15.01,802.21,102.73,105.61,100.06,130.79
2022062100,15.48,759.55,93.02,103.85,100.35,130.47
2022062200,15.24,745.97,90.16,102.44,98.99,123.68
2022062300,14.72,734.42,86.4,100.39,95.97,119.16
2022062400,14.28,705.88,81.68,94.23,87.88,138.13
2022062500,13.72,802.01,81.37,89.34,84.02,144.96
2022062600,13.62,833.78,88.41,94.67,87.62,145.2
2022062700,15.19,802.81,91.35,101.95,95.96,142.96
2022062800,14.79,740.68,86.67,100.41,95.28,127.66
2022062900,14.76,730.6,89.89,99.65,96.45,123.18
2022063000,14.34,724.74,87.42,98.23,94.89,123.39
2022070100,14.24,706.44,82.03,91.5,94.59,120.1
2022070200,12.91,720.38,80.09,86.29,82.08,120.88
2022070300,13.59,753.23,84.27,90.47,82.81,137.87
2022070400,14.93,806.22,94.45,111.19,107.9,151.37
2022070500,15.35,738.59,85.36,102.44,98.53,132.96
2022070600,15.76,749.38,87.87,99.32,101.45,130.12
2022070700,15.88,762.03,84.02,99.48,99.57,121.9
2022070800,14.96,767.83,89.89,100.85,99.26,125.3
2022070900,13.09,752.86,81.41,87.14,80.35,124.45
2022071000,12.53,790.88,86.08,92.33,88.0,141.36
2022071100,14.26,778.2,91.88,104.76,106.6,131.37
2022071200,14.5,777.65,90.69,102.9,98.32,125.82
2022071300,13.51,776.07,96.47,103.58,98.48,131.43
2022071400,15.55,775.02,93.71,102.38,94.79,134.43
2022071500,14.46,761.19,86.88,97.44,87.94,133.46
2022071600,13.56,779.44,85.11,89.62,84.53,140.16
2022071700,13.5,817.46,90.12,96.19,88.42,156.2
2022071800,12.87,858.44,89.49,109.39,97.42,158.92
2022071900,13.13,817.94,87.64,105.0,96.08,151.14
2022072000,12.5,819.73,87.18,100.64,94.28,145.98
2022072100,13.13,858.69,90.43,104.71,100.72,149.24
2022072200,12.48,823.14,91.61,101.58,104.54,150.71
2022072300,11.18,837.65,88.62,94.24,85.74,149.24
2022072400,12.53,881.7,95.63,98.13,92.93,178.32
2022072500,12.75,865.18,95.75,105.49,100.34,150.98
2022072600,12.48,840.7,93.03,106.41,102.71,142.33
2022072700,12.26,823.28,92.6,107.67,103.2,152.32
2022072800,11.49,868.4,92.81,108.88,103.76,163.69
2022072900,11.4,871.83,96.88,110.73,107.86,158.53
2022073000,10.96,844.35,88.76,95.92,94.64,152.88
2022073100,12.65,1053.19,91.86,99.19,98.85,264.59
2022080100,12.42,950.08,92.5,102.49,101.8,231.04
2022080200,12.68,854.87,91.53,102.03,102.55,180.06
2022080300,12.83,837.47,92.88,104.95,102.74,161.63
2022080400,11.96,823.79,90.6,102.52,98.17,148.72
2022080500,11.64,867.73,104.14,122.98,109.26,162.29
2022080600,10.82,864.54,88.89,97.28,89.42,149.74
2022080700,12.06,911.94,94.99,97.91,92.37,168.75
2022080800,11.57,863.74,95.8,105.52,99.86,164.71
2022080900,13.15,823.23,94.96,104.13,101.03,155.04
2022081000,11.75,802.86,93.37,102.31,100.24,145.86
2022081100,11.59,799.77,93.67,102.57,99.74,143.28
2022081200,11.68,817.76,92.46,101.8,98.83,144.13
2022081300,11.28,862.28,105.24,92.78,90.26,145.12
2022081400,11.56,922.57,97.26,98.36,90.7,145.48
2022081500,11.97,888.87,101.21,104.0,98.24,140.09
2022081600,12.88,869.42,100.57,110.74,105.63,147.11
2022081700,12.8,850.27,96.28,110.59,104.38,141.02
2022081800,12.76,821.95,98.17,107.14,102.69,142.7
2022081900,12.16,867.75,108.68,117.8,108.52,146.88
2022082000,12.2,890.34,99.88,104.29,97.8,146.76
2022082100,12.76,902.47,98.67,108.5,98.51,147.17
2022082200,12.66,872.4,104.65,112.18,109.69,146.46
2022082300,13.18,851.46,130.74,115.01,113.94,150.64
2022082400,13.52,827.91,138.69,112.52,112.06,156.05
2022082500,13.26,820.02,104.57,113.23,113.12,191.32
2022082600,12.37,795.07,139.6,105.8,108.96,171.39
2022082700,12.05,863.68,93.18,99.6,95.06,155.86
2022082800,13.21,874.59,99.23,104.32,99.19,162.1
2022082900,15.07,862.34,102.86,112.69,111.51,147.34
2022083000,13.4,866.18,103.84,111.56,112.62,137.12
2022083100,13.44,898.42,103.98,108.08,112.69,137.55
2022090100,14.02,844.49,104.23,111.76,114.05,148.48
2022090200,13.58,881.24,96.92,105.26,106.06,145.17
2022090300,12.68,959.19,101.33,97.5,95.51,157.04
2022090400,13.01,1024.91,105.44,99.06,101.97,175.1
2022090500,15.81,1172.84,111.15,110.21,116.98,162.94
2022090600,16.14,1128.34,113.3,120.21,123.58,176.98
2022090700,15.6,999.72,111.59,121.52,123.94,171.52
2022090800,20.84,3554.72,109.65,116.5,122.09,164.6
2022090900,23.16,3265.83,113.48,112.97,118.43,152.91
2022091000,18.47,2179.34,106.0,103.61,106.61,160.98
2022091100,20.1,1918.46,115.73,109.94,114.88,188.41
2022091200,19.38,1734.52,120.33,122.31,130.04,160.41
2022091300,18.96,1492.87,120.23,122.04,132.51,162.88
2022091400,17.55,1465.63,120.13,123.59,134.18,174.66
2022091500,16.28,1350.53,118.54,123.55,131.88,158.53
2022091600,15.4,1236.21,108.51,116.86,122.35,151.92
2022091700,14.04,1290.63,102.64,106.51,113.28,161.62
2022091800,15.54,1358.6,121.57,117.81,124.18,176.12
2022091900,22.77,2226.1,125.88,132.19,133.61,182.03
2022092000,17.72,1432.85,121.84,143.86,136.71,153.6
2022092100,16.92,1196.85,121.58,132.87,137.02,145.81
2022092200,16.49,1098.89,115.75,126.66,133.19,143.49
2022092300,15.05,1037.85,106.44,116.13,118.78,139.09
2022092400,13.4,1053.16,106.58,108.59,108.75,149.17
2022092500,15.1,1110.94,110.13,117.6,115.8,155.73
2022092600,15.0,1027.41,117.43,127.56,132.03,157.66
2022092700,15.56,1010.42,118.13,128.44,136.57,151.6
2022092800,15.0,1017.56,115.11,123.49,149.65,137.67
2022092900,13.9,1034.49,112.68,118.33,131.77,131.74
2022093000,12.87,989.97,101.88,108.55,118.23,170.2
2022100100,11.65,1026.46,96.58,98.19,102.92,142.3
2022100200,13.09,1074.13,104.8,105.93,108.77,165.3
2022100300,13.58,991.0,112.65,115.81,122.6,143.3
2022100400,12.71,921.72,116.32,116.81,125.12,137.88
2022100500,13.59,932.16,114.98,118.14,129.21,142.84
2022100600,14.6,927.22,117.32,118.64,129.43,145.67
2022100700,13.36,886.9,107.37,109.34,118.99,139.19
2022100800,11.53,897.14,101.38,100.97,106.18,140.61
2022100900,12.47,949.83,106.75,110.49,110.85,164.92
2022101000,13.74,917.58,113.21,124.57,123.51,139.13
2022101100,13.83,888.87,113.11,123.54,130.1,146.91
2022101200,14.83,898.32,114.42,122.26,126.22,147.8
2022101300,13.24,868.45,119.79,120.73,126.68,144.94
2022101400,12.19,883.39,111.24,119.4,246.69,132.93
2022101500,11.09,889.27,107.87,107.84,103.48,133.73
2022101600,12.23,961.47,113.15,110.77,110.68,160.65
2022101700,12.84,908.45,120.39,122.17,128.26,139.44
2022101800,13.68,875.87,116.85,121.07,128.32,135.53
2022101900,13.71,871.29,124.76,121.01,127.93,137.41
2022102000,15.75,1080.63,112.98,119.0,127.06,133.88
2022102100,13.83,1009.24,112.53,113.85,119.05,139.53
2022102200,13.24,979.44,108.42,103.29,106.66,151.58
2022102300,12.69,994.81,118.25,108.37,113.77,162.28
2022102400,14.15,1080.55,128.58,121.7,129.73,154.55
2022102500,15.74,1120.25,125.34,122.92,133.32,153.05
2022102600,14.74,988.66,120.31,124.82,133.15,158.35
2022102700,14.05,956.99,119.16,122.17,132.15,154.38
2022102800,15.52,932.5,115.93,113.29,126.92,142.88
2022102900,12.23,1520.66,107.01,106.82,108.97,147.2
2022103000,13.17,1058.93,114.35,112.0,116.58,166.12
2022103100,13.42,1001.62,122.32,122.57,129.74,162.46
2022110100,14.55,975.67,122.01,123.36,139.05,169.92
2022110200,14.48,984.48,120.79,128.19,137.96,384.1
2022110300,14.55,964.15,116.41,126.49,134.87,179.67
2022110400,13.49,953.89,114.13,117.88,126.5,159.1
2022110500,12.73,1079.53,106.7,107.13,115.76,150.92
2022110600,15.6,1119.56,112.42,113.4,120.37,169.72
2022110700,14.66,1002.34,120.84,128.91,141.06,178.51
2022110800,17.07,992.57,121.24,130.87,139.81,164.31
2022110900,17.73,1027.39,115.92,126.68,136.11,160.75
2022111000,15.0,1031.95,112.91,120.48,129.54,165.23
2022111100,14.13,1021.32,107.47,114.84,120.75,163.54
2022111200,13.49,1087.57,104.07,104.55,109.59,162.91
2022111300,15.21,1158.92,111.98,115.74,120.17,195.68
2022111400,15.69,1040.77,125.69,129.97,135.63,184.35
2022111500,14.65,994.24,119.52,132.13,134.44,178.21
2022111600,15.46,1018.49,121.39,129.95,136.38,180.93
2022111700,14.87,990.21,117.57,126.35,131.74,189.63
2022111800,14.25,950.34,119.44,117.54,121.76,188.06
2022111900,13.32,970.14,104.11,109.68,110.22,209.04
2022112000,13.58,1092.48,110.81,115.78,119.07,445.17
2022112100,15.71,1027.51,116.96,125.94,132.97,354.65
2022112200,15.02,1016.92,119.19,129.86,133.3,368.52
2022112300,15.13,1027.22,113.26,128.22,128.04,343.86
2022112400,16.04,1070.9,110.28,120.96,123.61,398.15
2022112500,14.2,1027.33,107.02,115.21,115.62,424.17
2022112600,14.29,1077.04,110.68,108.88,110.08,455.81
2022112700,15.1,1149.73,121.99,116.31,120.46,499.39
2022112800,16.14,1049.47,127.66,129.64,135.4,491.7
2022112900,17.2,1018.57,122.67,130.1,135.91,453.85
2022113000,15.88,1029.14,121.81,129.36,136.86,480.7
2022120100,16.91,1047.12,118.54,125.06,131.52,421.59
2022120200,12.24,880.38,101.19,103.43,108.31,317.71
2022120300,11.76,865.14,98.23,95.58,98.87,246.5
2022120400,12.13,920.46,108.56,103.17,104.29,234.02
2022120500,12.84,893.55,113.51,113.09,116.5,230.52
2022120600,12.83,876.46,109.02,112.65,114.96,226.67
2022120700,12.26,858.63,104.96,110.65,113.71,186.01
2022120800,13.09,835.4,106.73,111.49,113.55,159.94
2022120900,11.78,893.82,100.59,107.25,107.81,225.27
2022121000,12.26,937.65,102.81,102.46,108.71,289.25
2022121100,13.77,925.66,110.03,109.52,110.58,216.67
2022121200,14.65,876.92,108.74,116.91,119.62,172.65
2022121300,14.42,899.82,108.31,114.07,118.11,209.37
2022121400,13.37,892.77,104.23,111.92,115.98,219.97
2022121500,13.34,846.36,101.85,106.78,113.7,175.16
2022121600,12.51,802.02,103.97,99.48,103.73,149.0
2022121700,11.67,820.02,95.13,90.77,93.46,182.78
2022121800,12.11,1038.96,91.48,91.27,95.62,413.59
2022121900,13.54,985.76,99.25,103.89,107.55,258.26
2022122000,14.4,857.82,97.14,106.53,107.46,172.54
2022122100,14.21,831.89,92.61,100.22,109.06,164.84
2022122200,14.79,794.52,92.45,93.41,113.97,146.05
2022122300,15.5,788.2,84.59,86.42,91.14,135.24
2022122400,15.68,817.21,83.49,81.43,85.06,133.49
2022122500,12.43,858.32,85.97,78.54,85.15,135.59
2022122600,12.66,861.7,97.71,90.58,93.14,139.49
2022122700,12.34,877.28,97.49,97.64,97.47,142.99
2022122800,12.13,861.0,94.09,96.1,99.13,138.07
2022122900,11.89,862.91,95.3,98.02,94.1,142.32
2022123000,12.12,827.75,92.96,100.15,91.76,142.97
2022123100,12.17,827.11,87.12,89.51,87.53,136.95
2023010100,11.77,873.42,91.04,94.31,91.18,142.34
2023010200,13.47,898.54,101.58,108.11,101.41,154.55
2023010300,14.54,880.21,103.33,112.57,108.8,267.96
2023010400,14.61,890.36,103.31,113.85,112.05,156.2
2023010500,14.28,901.98,103.29,113.99,111.21,148.96
2023010600,12.85,881.24,97.07,108.2,102.94,145.72
2023010700,12.34,972.05,96.41,101.81,99.64,137.52
2023010800,13.42,992.21,103.79,105.66,105.7,144.16
2023010900,14.4,924.92,110.28,119.34,115.93,144.04
2023011000,14.22,889.04,107.77,118.27,115.13,138.56
2023011100,14.76,902.54,107.66,115.68,115.72,130.16
2023011200,13.59,905.49,105.36,118.57,119.29,130.11
2023011300,26.23,1168.74,99.55,108.37,109.96,132.38
2023011400,29.39,1005.43,94.54,103.01,104.78,146.35
2023011500,110.0,1042.26,101.91,108.4,108.83,166.96
2023011600,67.36,1023.04,107.42,117.72,118.25,150.46
2023011700,44.31,962.08,114.28,124.19,125.25,143.06
2023011800,47.63,950.38,113.87,129.62,124.14,145.14
2023011900,24.38,931.77,109.91,125.43,124.65,178.88
2023012000,14.64,939.01,103.52,118.84,116.3,148.03
2023012100,14.97,1038.59,101.09,112.18,105.83,152.87
2023012200,14.7,1085.11,111.05,118.23,115.05,175.02
2023012300,15.52,1003.92,115.26,131.11,128.59,161.52
2023012400,39.2,976.95,114.91,130.2,131.17,148.49
2023012500,28.97,956.83,111.68,125.67,127.94,150.47
2023012600,25.76,965.67,110.91,122.83,123.46,147.79
2023012700,20.81,958.18,107.48,119.17,118.26,141.69
2023012800,13.04,987.83,103.01,108.79,105.42,140.56
2023012900,16.72,1090.68,112.52,121.24,115.75,172.46
2023013000,14.9,1044.69,116.85,135.12,129.17,168.14
2023013100,14.91,1061.08,112.18,129.31,128.85,150.88
2023020100,15.66,998.88,111.89,128.2,128.28,158.04
2023020200,15.1,1026.2,112.73,123.99,126.86,145.41
2023020300,14.76,945.47,107.01,116.76,120.15,139.8
2023020400,12.83,1040.88,99.84,107.02,104.96,149.41
2023020500,16.36,1287.87,106.32,113.16,111.89,149.8
2023020600,19.29,1173.69,109.7,120.92,124.73,137.9
2023020700,18.06,1000.92,116.84,124.32,129.03,135.53
2023020800,17.89,987.39,118.71,126.08,131.47,148.48
2023020900,17.31,959.85,107.0,123.36,125.59,142.24
2023021000,15.43,908.5,107.84,112.1,114.0,135.31
2023021100,14.09,984.01,101.3,105.54,107.44,150.92
2023021200,14.43,1043.66,107.91,116.33,112.97,176.66
2023021300,15.84,1010.11,110.67,126.04,137.16,213.54
2023021400,15.31,927.71,111.13,125.88,127.74,147.64
2023021500,15.71,947.31,113.12,126.0,128.04,149.59
2023021600,16.1,925.99,110.06,122.12,125.57,144.37
2023021700,13.84,916.18,102.44,115.63,126.51,140.11
2023021800,14.28,969.37,101.86,107.15,112.25,144.14
2023021900,15.21,1020.36,106.88,114.14,113.12,159.72
2023022000,15.89,1026.44,112.91,122.43,130.67,146.93
2023022100,15.62,1039.9,117.2,131.07,131.65,150.74
2023022200,15.8,967.77,115.95,132.52,129.49,153.26
2023022300,14.87,964.41,112.52,126.35,128.22,163.0
2023022400,14.46,910.29,105.69,120.71,120.84,159.06
2023022500,14.04,971.85,103.01,114.27,109.82,155.19
2023022600,14.88,1018.65,112.95,124.11,118.14,187.92
2023022700,16.08,988.95,117.09,134.86,133.05,160.78
2023022800,14.91,950.29,116.8,136.0,135.01,146.0
2023030100,14.53,954.71,119.91,133.39,132.52,143.55
2023030200,15.04,967.23,119.17,133.95,137.17,151.23
2023030300,14.54,934.94,113.2,126.45,125.54,145.89
2023030400,13.12,1008.06,106.6,114.94,111.78,140.26
2023030500,15.45,1040.63,114.77,120.81,116.71,156.72
2023030600,15.11,1022.22,124.55,132.55,133.33,146.9
2023030700,15.35,948.32,119.92,125.71,130.15,148.2
2023030800,15.42,953.71,121.08,130.16,132.45,150.41
2023030900,15.87,962.8,120.51,133.02,132.65,158.19
2023031000,15.11,960.55,111.62,123.86,124.73,146.64
2023031100,13.9,1033.22,105.38,132.3,115.09,149.57
2023031200,14.77,1113.4,115.35,124.79,120.12,166.42
2023031300,16.45,1097.28,118.35,131.19,132.86,146.47
2023031400,15.43,1038.37,132.87,132.24,172.51,149.86
2023031500,16.49,966.83,120.57,133.75,145.27,154.69
2023031600,16.6,969.18,123.62,130.9,135.03,161.79
2023031700,15.77,955.64,114.67,122.68,132.23,168.87
2023031800,20.04,1001.45,109.9,116.41,115.25,149.81
2023031900,17.86,1053.1,116.08,135.06,125.17,168.06
2023032000,16.33,1012.92,123.85,140.09,138.49,157.84
2023032100,16.22,993.58,124.4,143.62,138.13,145.65
2023032200,16.7,976.66,123.42,133.03,136.86,163.7
2023032300,17.2,970.57,121.52,131.19,135.05,155.55
2023032400,16.2,1000.34,114.59,122.13,128.6,141.86
2023032500,14.83,1036.15,109.95,110.74,120.31,143.38
2023032600,15.42,1054.84,116.4,118.48,124.7,146.42
2023032700,16.73,996.87,127.16,145.31,134.18,140.55
2023032800,17.0,980.59,123.04,135.4,132.48,143.35
2023032900,17.17,968.79,120.89,130.8,130.5,140.42
2023033000,16.85,936.04,117.06,127.0,128.06,136.17
2023033100,17.92,933.89,108.81,117.12,120.58,130.52
2023040100,17.93,985.85,105.16,108.06,109.12,143.54
2023040200,17.01,1007.34,112.21,114.28,112.47,148.96
2023040300,16.82,959.83,114.55,123.83,125.17,146.7
2023040400,16.1,922.42,108.72,116.61,120.23,128.59
2023040500,13.94,827.46,101.24,105.41,108.59,122.18
2023040600,14.33,810.12,100.72,97.13,102.74,119.89
2023040700,13.02,822.54,95.15,96.83,105.6,121.88
2023040800,11.62,816.28,94.41,90.84,91.66,124.74
2023040900,12.48,870.89,101.31,93.39,98.19,157.71
2023041000,14.2,850.69,103.65,108.58,110.35,139.07
2023041100,13.34,821.95,103.71,106.24,111.73,125.19
2023041200,13.45,782.45,102.54,114.63,109.14,130.79
2023041300,13.56,789.22,97.1,104.0,106.02,134.79
2023041400,15.09,816.21,92.53,95.77,101.87,135.07
2023041500,12.75,837.02,88.36,89.74,98.51,134.9
2023041600,13.23,892.02,105.03,95.96,96.98,143.85
2023041700,14.3,850.82,108.09,107.18,109.29,138.17
2023041800,14.92,798.67,103.87,108.83,106.62,132.7
2023041900,15.23,849.54,100.94,108.49,110.11,140.23
2023042000,18.1,898.61,109.36,118.52,117.38,149.14
2023042100,16.17,919.51,102.94,109.24,113.93,138.83
2023042200,15.69,1040.67,97.37,100.99,110.41,141.79
2023042300,18.75,1006.93,105.14,110.56,116.15,174.24
2023042400,18.18,981.9,112.84,125.85,125.75,147.3
2023042500,17.87,934.2,110.91,127.66,125.43,142.4
2023042600,19.31,957.41,110.09,131.27,128.03,141.38
2023042700,18.98,946.43,110.17,136.01,124.7,141.22
2023042800,15.97,929.26,109.28,124.94,122.78,133.99
2023042900,15.56,926.84,104.36,114.99,104.24,135.36
2023043000,17.22,1036.65,119.3,113.5,102.2,161.5
2023050100,17.1,1004.44,118.02,125.51,117.16,154.08
2023050200,17.44,966.15,118.08,129.71,124.56,142.77
2023050300,19.44,956.38,114.6,131.28,122.78,166.71
2023050400,18.76,1021.55,109.22,129.82,122.91,162.91
2023050500,18.47,1095.54,108.42,125.61,119.37,151.2
2023050600,20.48,1486.7,121.06,117.8,107.0,150.32
2023050700,20.09,1419.28,112.8,125.12,109.95,159.63
2023050800,20.03,1340.81,123.29,148.4,126.94,157.01
2023050900,19.39,1191.3,124.03,141.37,126.4,161.3
2023051000,20.4,1094.46,113.06,140.26,125.76,149.32
2023051100,19.89,1095.85,115.68,137.79,119.66,150.37
2023051200,19.45,1068.6,102.99,134.02,113.77,142.69
2023051300,18.88,1127.71,92.68,152.46,100.11,148.61
2023051400,18.75,1136.64,101.09,205.66,106.17,152.05
2023051500,20.13,1071.3,108.96,138.66,121.0,147.7
2023051600,20.69,1033.32,109.0,130.63,124.55,147.64
2023051700,20.7,1015.57,107.59,126.4,122.56,155.6
2023051800,19.83,999.28,102.83,123.69,117.91,153.56
2023051900,19.03,998.53,102.44,115.17,110.83,179.42
2023052000,19.01,1024.68,95.66,110.14,99.99,178.64
2023052100,17.41,1065.28,101.33,112.38,104.19,169.91
2023052200,18.07,1028.29,108.36,129.52,120.22,163.44
2023052300,18.06,977.05,103.17,124.93,119.45,155.09
2023052400,17.92,949.3,103.38,124.64,119.14,145.09
2023052500,18.25,935.89,102.5,122.32,117.04,148.43
2023052600,17.07,921.95,97.19,118.78,109.86,148.36
2023052700,16.15,934.82,93.28,110.34,98.54,171.73
2023052800,18.73,1023.99,95.26,110.51,99.98,171.63
2023052900,19.12,998.51,102.72,121.32,110.5,160.54
2023053000,18.23,963.09,101.93,124.48,119.43,152.65
2023053100,18.42,951.76,101.62,125.82,117.57,156.0
2023060100,18.29,953.75,100.51,123.41,114.66,142.63
2023060200,16.9,940.61,97.56,120.58,108.95,136.3
2023060300,16.28,944.67,93.99,108.96,100.33,147.23
2023060400,16.25,995.55,99.33,114.12,103.26,155.88
2023060500,17.31,944.62,148.88,123.18,117.78,149.17
2023060600,17.45,954.18,107.09,127.65,121.37,151.11
2023060700,17.51,935.37,103.31,123.58,130.74,163.65
2023060800,17.58,928.47,102.66,123.58,117.09,158.24
2023060900,17.82,921.62,95.07,114.07,109.32,145.8
2023061000,17.22,1063.66,89.49,103.07,96.99,166.35
2023061100,17.96,1124.69,96.39,111.53,103.33,166.99
2023061200,19.14,1007.94,99.4,123.03,116.69,151.53
2023061300,19.17,957.45,98.7,120.48,115.73,157.48
2023061400,19.33,976.59,100.18,123.65,117.6,149.43
2023061500,18.54,926.37,97.86,120.44,113.24,142.51
2023061600,17.87,927.14,93.82,114.22,108.13,139.91
2023061700,17.11,970.52,92.5,109.14,98.69,138.12
2023061800,18.4,1009.94,97.4,114.96,105.76,142.74
2023061900,18.01,996.4,100.61,122.49,113.95,143.23
2023062000,18.4,991.05,100.95,123.41,112.51,150.27
2023062100,19.08,988.45,102.07,123.31,138.18,156.04
2023062200,19.41,1018.49,97.01,121.07,122.62,141.36
2023062300,18.08,1000.47,100.36,117.72,115.07,137.33
2023062400,17.77,950.13,90.82,107.91,97.7,139.62
2023062500,17.97,1027.5,99.33,111.59,100.69,177.28
2023062600,17.55,969.89,101.46,119.86,113.95,158.71
2023062700,18.25,949.29,98.45,113.8,114.45,174.72
2023062800,16.93,976.05,96.36,111.5,111.38,179.55
2023062900,17.64,942.48,94.05,111.26,107.69,160.9
2023063000,18.26,930.3,93.39,111.73,106.14,154.89
2023070100,17.84,973.84,91.57,103.92,99.32,153.37
2023070200,18.47,1045.13,98.38,110.14,102.4,163.36
2023070300,18.51,977.45,100.74,120.52,111.29,152.67
2023070400,18.24,992.42,98.4,117.85,109.38,163.76
2023070500,18.19,976.17,98.47,120.33,108.65,155.99
2023070600,18.17,957.96,104.64,119.44,109.94,141.34
2023070700,16.85,1002.97,94.96,113.36,104.87,138.54
2023070800,16.79,1032.25,93.38,106.77,98.79,146.11
2023070900,19.74,1071.84,100.74,112.68,100.79,165.99
2023071000,19.01,1004.13,98.35,119.04,108.84,184.91
2023071100,17.96,984.56,98.68,120.48,111.98,177.95
2023071200,20.2,996.99,120.98,124.12,115.5,157.16
2023071300,20.85,969.97,103.19,117.2,109.31,148.88
2023071400,18.96,1036.52,95.95,114.27,112.0,141.25
2023071500,18.72,1045.69,93.04,105.79,97.29,140.04
2023071600,18.44,1106.36,99.17,108.83,101.25,153.93
2023071700,19.98,1105.32,102.1,135.36,113.72,146.63
2023071800,19.26,1050.05,98.08,124.35,111.93,153.84
2023071900,18.03,1086.1,95.62,122.06,111.45,156.16
2023072000,17.49,1153.36,95.31,120.23,111.54,190.36
2023072100,17.55,1309.29,95.49,113.33,114.4,169.87
2023072200,17.37,1452.85,94.52,111.43,115.21,183.46
2023072300,19.44,1503.05,97.39,116.04,120.68,168.57
2023072400,21.38,1357.23,100.3,119.61,125.6,166.9
2023072500,20.67,1221.81,101.86,123.06,125.64,166.5
2023072600,18.58,1174.11,99.81,120.94,120.04,165.06
2023072700,17.87,1110.2,95.99,120.19,112.76,170.73
2023072800,16.37,1120.98,95.9,115.36,113.15,155.95
2023072900,16.88,1165.72,93.38,107.15,110.85,167.85
2023073000,18.24,1228.97,97.8,110.93,112.35,184.35
2023073100,17.9,1137.56,106.65,119.23,119.3,183.5
2023080100,18.38,1055.93,103.59,121.34,120.45,205.91
2023080200,18.15,1014.43,106.02,127.4,122.22,186.91
2023080300,17.5,1000.29,97.32,122.23,115.3,182.18
2023080400,17.32,1000.61,96.12,116.23,113.42,158.5
2023080500,16.71,1044.33,93.1,113.09,105.61,163.73
2023080600,17.81,1118.63,97.69,115.21,108.94,198.43
2023080700,17.03,1037.58,101.45,123.96,119.57,193.58
2023080800,16.86,970.48,98.96,118.31,112.26,169.07
2023080900,17.26,969.25,99.91,119.54,115.14,154.26
2023081000,17.39,970.28,98.94,120.06,114.71,160.01
2023081100,17.36,963.35,96.99,117.42,110.43,165.02
2023081200,15.41,1060.35,97.91,115.1,105.14,192.58
2023081300,16.3,1098.53,102.27,116.15,110.02,165.47
2023081400,15.96,998.24,102.21,117.74,115.35,154.84
2023081500,17.38,976.86,102.57,116.41,112.51,169.81
2023081600,17.12,966.3,103.14,129.82,118.69,199.29
2023081700,17.4,957.51,98.9,120.36,116.07,164.01
2023081800,15.63,969.86,100.07,126.79,114.53,156.59
2023081900,14.9,997.72,100.02,121.71,106.53,174.37
2023082000,15.99,992.84,97.96,114.46,104.28,224.36
2023082100,16.84,974.46,105.33,128.15,130.56,169.66
2023082200,16.65,940.86,104.51,123.11,119.61,154.47
2023082300,21.4,968.08,116.45,128.31,123.0,154.88
2023082400,20.75,946.23,105.65,120.13,117.49,152.51
2023082500,17.95,919.36,99.71,116.67,112.92,158.52
2023082600,16.09,1007.56,95.32,111.32,107.44,164.81
2023082700,16.25,1042.76,106.44,128.46,116.56,174.53
2023082800,16.56,970.72,108.71,123.59,123.09,155.23
2023082900,16.28,940.88,112.25,127.21,127.54,153.52
2023083000,15.78,931.17,106.34,117.53,125.73,153.78
2023083100,15.06,901.45,102.94,112.04,121.72,184.78
2023090100,14.12,887.33,100.14,117.4,119.26,178.96
2023090200,15.78,951.72,95.63,109.81,108.3,163.99
2023090300,17.39,1038.64,104.97,121.34,113.79,177.82
2023090400,13.96,962.1,107.05,120.39,121.75,153.78
2023090500,14.81,967.95,117.31,133.63,134.84,154.68
2023090600,14.6,950.26,118.13,140.08,138.1,153.79
2023090700,14.71,938.97,108.57,125.05,131.61,148.27
2023090800,14.43,937.59,106.76,128.39,126.21,159.02
2023090900,13.77,939.17,98.38,110.9,107.78,156.21
2023091000,14.49,1010.79,108.94,125.92,118.15,165.91
2023091100,15.52,966.76,113.72,129.21,133.4,152.64
2023091200,15.22,955.67,117.33,139.54,141.57,158.88
2023091300,15.08,925.9,110.18,125.47,134.84,144.68
2023091400,15.14,954.03,114.55,134.08,137.5,151.05
2023091500,14.63,916.26,105.68,119.44,125.85,141.92
2023091600,13.44,1001.16,99.76,119.04,114.84,156.47
2023091700,13.68,987.85,103.24,114.75,114.46,161.82
2023091800,15.93,994.59,119.26,139.29,140.04,159.06
2023091900,15.53,1011.84,117.95,137.96,140.42,161.38
2023092000,14.89,1001.6,120.23,139.51,139.79,165.63
2023092100,14.72,958.34,116.19,137.06,145.61,160.74
2023092200,13.53,926.15,104.81,116.66,133.47,149.11
2023092300,13.25,965.55,100.08,111.96,124.07,159.11
2023092400,13.64,1053.54,110.28,127.93,132.52,201.25
2023092500,14.82,1524.06,114.5,136.86,141.97,178.28
2023092600,15.72,1736.7,115.87,141.19,140.3,175.15
2023092700,14.64,1664.79,110.8,130.86,133.64,169.73
2023092800,14.52,1679.6,107.33,128.0,131.32,161.84
2023092900,13.34,1682.34,102.54,121.48,133.7,161.2
2023093000,12.51,1734.64,95.46,111.46,112.35,169.17
2023100100,13.1,1801.63,107.79,131.99,128.95,189.0
2023100200,15.97,1772.07,113.44,133.41,137.55,178.79
2023100300,15.46,1735.38,113.29,138.96,135.4,179.28
2023100400,15.78,1736.19,117.27,158.53,141.02,192.23
2023100500,15.68,1790.29,112.98,140.31,137.47,185.92
2023100600,13.95,1723.04,106.99,119.08,123.58,183.13
2023100700,12.26,1860.88,101.24,116.34,113.69,201.14
2023100800,14.09,1914.53,105.21,115.64,117.7,174.86
2023100900,15.68,1826.86,113.67,134.76,135.53,165.43
2023101000,18.25,1711.26,114.99,136.01,148.44,154.29
2023101100,18.47,1648.79,112.85,132.38,140.07,143.57
2023101200,17.62,1651.42,111.72,135.58,137.47,145.44
2023101300,16.15,1634.18,104.16,123.25,126.6,142.24
2023101400,14.91,1760.26,101.04,115.11,113.51,157.48
2023101500,15.9,1734.43,109.22,122.15,120.7,163.99
2023101600,18.18,1698.0,117.95,138.62,156.92,154.35
2023101700,18.3,1682.35,116.59,139.44,146.57,150.71
2023101800,17.3,1646.54,114.17,131.96,138.74,143.91
2023101900,17.95,1727.99,115.21,141.18,137.18,140.87
2023102000,16.36,1649.49,106.73,122.79,125.3,145.34
2023102100,15.36,1726.85,103.44,115.89,114.8,157.21
2023102200,15.13,1796.43,113.45,124.23,122.17,164.88
2023102300,16.26,1745.43,121.29,131.03,135.52,148.61
2023102400,16.79,1698.78,117.75,132.2,136.54,162.27
2023102500,17.15,1673.86,115.25,132.23,140.78,154.19
2023102600,17.24,1687.56,113.56,130.33,135.77,150.44
2023102700,16.47,1725.79,105.62,122.36,127.75,142.64
2023102800,14.41,1779.18,101.49,121.0,112.1,161.03
2023102900,15.05,1878.97,103.93,119.91,116.14,204.95
2023103000,15.97,1746.02,114.33,132.76,137.08,179.88
2023103100,15.7,1711.77,113.37,131.77,132.03,160.12
2023110100,16.56,1707.22,114.98,131.24,140.09,151.93
2023110200,16.98,1789.27,112.99,134.25,137.94,154.36
2023110300,16.24,1734.52,105.16,122.06,125.31,142.85
2023110400,15.6,1978.85,103.89,119.35,112.43,155.52
2023110500,15.52,1994.36,107.14,123.68,122.08,167.43
2023110600,16.57,1749.38,115.95,137.44,137.75,160.33
2023110700,16.72,1714.79,113.9,132.75,137.4,161.24
2023110800,17.35,1705.76,112.95,129.94,137.15,157.84
2023110900,17.47,1733.11,111.07,127.41,134.27,151.23
2023111000,20.16,1712.46,101.87,114.22,122.75,139.54
2023111100,15.07,1884.89,100.32,109.77,110.92,142.86
2023111200,15.46,1851.15,106.34,109.42,114.9,151.88
2023111300,16.95,1683.6,111.68,118.14,130.17,141.4
2023111400,17.06,1596.71,112.02,121.02,130.41,139.65
2023111500,18.72,1866.51,108.28,115.55,128.66,143.48
2023111600,17.95,1851.65,107.03,120.2,129.86,149.0
2023111700,16.82,1573.57,101.84,117.6,138.51,138.7
2023111800,16.29,1557.96,95.72,111.7,115.66,136.47
2023111900,18.52,2709.23,107.12,123.36,118.72,193.81
2023112000,20.32,1747.56,116.78,130.63,146.78,178.55
2023112100,18.57,1562.41,109.9,125.29,132.41,151.9
2023112200,19.13,1589.58,111.93,131.92,134.87,148.15
2023112300,17.64,1518.36,103.05,119.77,123.89,140.01
2023112400,17.2,1451.26,97.63,111.4,118.66,136.33
2023112500,16.83,1513.48,95.67,110.54,111.12,143.36
2023112600,17.93,1620.06,103.14,114.14,120.61,153.77
2023112700,18.9,1563.04,117.64,127.6,133.77,150.21
2023112800,18.51,1527.02,125.52,127.82,132.42,146.72
2023112900,18.99,1493.45,117.87,126.36,137.63,148.65
2023113000,19.65,1469.12,110.0,125.08,133.24,144.2
2023120100,18.73,1418.71,102.91,115.65,122.01,137.95
2023120200,16.93,1466.42,100.23,108.39,116.69,142.6
2023120300,18.96,1542.43,104.84,113.8,119.3,148.39
2023120400,20.51,1504.25,119.1,122.81,130.35,142.03
2023120500,20.02,1509.45,114.21,126.23,135.69,138.31
2023120600,19.98,1536.72,112.51,127.98,139.89,144.37
2023120700,20.92,1517.24,111.14,124.87,137.68,139.07
2023120800,21.57,1510.61,113.39,117.94,127.82,139.86
2023120900,20.75,1556.28,107.52,109.06,114.86,153.79
2023121000,21.6,1617.3,113.78,115.72,119.03,158.46
2023121100,22.2,1523.97,117.25,130.32,136.24,145.08
2023121200,21.41,1481.73,111.8,129.06,134.42,161.54
2023121300,23.38,1535.58,109.58,126.99,148.67,166.91
2023121400,21.73,1541.9,114.4,126.36,129.96,156.87
2023121500,20.11,1541.67,110.73,118.18,120.87,149.83
2023121600,18.61,1586.23,96.69,106.49,104.94,134.37
2023121700,20.27,1648.06,98.08,110.4,110.17,150.54
2023121800,23.2,1620.95,117.19,124.61,131.88,163.76
2023121900,21.95,1547.44,130.61,117.95,124.68,143.05
2023122000,24.4,1529.13,102.22,114.46,123.11,138.88
2023122100,21.63,1475.6,99.0,111.23,122.76,131.7
2023122200,21.41,1489.57,95.62,105.25,120.49,130.89
2023122300,19.52,1599.7,91.54,97.36,100.95,137.45
2023122400,22.44,1603.3,89.69,97.35,98.61,133.36
2023122500,25.02,1673.43,90.15,98.31,99.89,135.41
2023122600,25.26,1675.33,95.54,102.49,111.77,145.75
2023122700,21.33,1627.41,98.8,113.87,112.83,141.37
2023122800,20.04,1626.31,98.84,109.01,109.53,141.34
2023122900,19.39,1409.51,97.47,107.16,110.95,143.84
2023123000,19.14,1057.21,97.57,104.04,111.21,156.49
2023123100,19.85,1041.4,93.8,97.53,99.65,141.55
2024010100,19.88,1089.64,95.85,101.12,104.74,146.92
2024010200,20.66,1064.82,106.5,115.81,119.34,154.22
2024010300,20.96,1006.13,108.08,121.06,123.38,152.59
2024010400,20.59,1026.13,105.69,122.6,145.05,146.81
2024010500,20.3,1041.99,102.97,118.51,137.0,146.91
2024010600,19.61,1065.55,99.16,111.46,124.21,149.0
2024010700,21.88,1082.93,106.55,117.82,125.66,160.98
2024010800,23.73,1142.28,109.89,128.49,139.31,159.58
2024010900,25.38,1171.13,127.53,151.65,166.44,170.42
2024011000,24.43,1152.17,129.07,156.73,169.81,168.17
2024011100,24.66,1116.28,128.38,150.72,165.19,167.3
2024011200,22.64,1109.65,119.67,138.87,154.69,173.1
2024011300,21.88,1164.85,113.94,127.71,135.28,199.33
2024011400,23.22,1204.38,124.52,135.23,145.6,235.62
2024011500,23.88,1173.1,129.97,149.26,160.94,207.44
2024011600,25.39,1127.06,131.35,158.04,166.8,197.63
2024011700,24.78,1098.6,129.94,155.1,171.41,180.77
2024011800,25.59,1117.52,132.62,156.7,171.92,185.84
2024011900,23.1,1130.44,133.16,149.05,164.92,203.95
2024012000,21.21,1125.03,127.25,130.85,138.19,198.17
2024012100,21.92,1162.45,130.43,141.07,146.27,216.87
2024012200,25.47,1166.59,142.89,155.84,172.74,213.67
2024012300,25.65,1150.1,143.0,161.83,174.73,237.17
2024012400,25.05,1122.85,142.2,155.96,172.54,224.88
2024012500,24.46,1120.48,140.88,151.97,168.63,256.22
2024012600,24.5,1086.9,122.84,138.92,149.79,182.37
2024012700,23.45,1111.02,118.96,128.1,136.58,177.89
2024012800,24.43,1186.42,129.99,140.77,147.57,213.15
2024012900,26.79,1184.55,144.39,168.12,178.36,236.31
2024013000,26.26,1201.59,140.92,175.54,190.16,222.03
2024013100,26.1,1161.5,133.68,159.49,173.67,192.42
2024020100,25.5,1049.25,120.73,136.35,148.6,171.26
2024020200,23.62,1027.25,109.58,123.58,137.62,173.43
2024020300,21.95,1063.14,102.72,111.81,115.74,175.16
2024020400,24.4,1122.7,113.37,120.56,128.5,174.07
2024020500,26.35,1168.52,120.19,133.64,144.4,164.96
2024020600,24.77,1072.79,114.84,131.67,142.85,164.93
2024020700,23.3,1095.21,117.36,129.6,147.51,162.18
2024020800,24.17,1022.34,112.22,126.67,140.73,151.97
2024020900,22.07,983.96,104.79,117.22,129.9,147.89
2024021000,20.5,1000.56,101.37,109.07,112.59,162.73
2024021100,23.31,1092.95,107.0,116.48,118.04,187.25
2024021200,25.73,1121.9,117.65,130.21,137.61,270.63
2024021300,25.5,1026.42,112.06,127.22,146.26,178.73
2024021400,24.85,976.58,104.85,120.87,134.57,156.94
2024021500,23.42,997.86,109.55,124.71,137.05,153.5
2024021600,21.94,1007.16,114.74,122.11,139.68,158.97
2024021700,21.49,1080.93,115.48,113.37,129.52,157.12
2024021800,22.52,1214.27,133.17,137.06,179.68,168.86
2024021900,24.33,1192.73,130.83,147.73,165.43,159.81
2024022000,25.1,1132.66,134.36,148.43,172.3,158.38
2024022100,24.99,1068.68,133.26,144.84,157.46,157.96
2024022200,25.87,1050.59,131.05,147.37,158.99,164.76
2024022300,25.26,994.89,113.03,138.66,142.66,154.11
2024022400,21.42,1029.12,101.22,109.03,117.69,140.43
2024022500,24.01,1095.14,107.0,116.77,124.68,151.89
2024022600,25.69,1068.16,126.11,138.98,150.84,151.98
2024022700,25.42,1035.35,120.53,142.83,148.96,145.28
2024022800,24.6,1010.02,119.63,140.33,148.33,150.86
2024022900,24.55,1004.8,113.93,134.1,142.24,139.24
2024030100,23.04,994.79,109.25,130.0,136.22,139.15
2024030200,22.64,1072.14,106.17,119.25,115.9,144.3
2024030300,23.76,1072.8,109.93,118.23,119.21,164.11
2024030400,25.2,1032.63,116.6,134.33,140.71,146.44
2024030500,25.65,1014.11,119.14,138.44,144.82,146.02
2024030600,25.38,1016.09,124.1,140.67,152.42,148.78
2024030700,24.37,988.82,120.51,135.04,138.77,146.33
2024030800,23.94,979.15,109.77,125.46,132.89,139.46
2024030900,23.82,995.8,105.1,113.12,117.17,142.91
2024031000,25.34,1127.24,111.59,125.53,122.28,148.89
2024031100,30.12,1456.57,115.04,135.32,143.58,141.2
2024031200,27.16,1089.71,117.62,133.72,142.88,145.5
2024031300,27.23,1034.84,114.43,135.26,147.06,146.81
2024031400,27.92,1004.54,112.47,143.04,183.97,151.22
2024031500,25.98,975.63,106.96,121.81,138.5,155.23
2024031600,23.53,973.94,99.09,108.88,113.97,141.88
2024031700,26.31,1043.96,104.14,112.93,117.56,151.59
2024031800,28.22,1003.41,112.7,131.02,136.31,141.33
2024031900,27.79,981.19,113.84,132.23,137.3,142.44
2024032000,26.34,941.32,114.48,130.46,136.47,142.88
2024032100,25.56,948.0,107.14,137.28,137.23,137.24
2024032200,24.25,969.87,104.17,121.14,128.64,138.67
2024032300,22.91,1010.81,98.51,109.92,119.87,139.43
2024032400,23.46,1063.31,109.08,117.13,124.68,142.64
2024032500,24.88,1053.26,113.93,127.2,139.1,143.6
2024032600,24.44,1019.47,111.08,127.44,137.12,141.01
2024032700,25.16,1016.81,113.53,126.91,135.45,133.65
2024032800,25.93,1133.82,117.89,144.27,133.2,142.7
2024032900,24.17,1084.1,116.39,116.94,124.6,132.78
2024033000,22.99,1013.03,99.5,109.43,112.32,131.92
2024033100,24.03,1038.9,104.76,109.8,119.29,136.13
2024040100,24.59,994.93,108.05,120.8,130.66,135.97
2024040200,24.66,1004.92,112.03,129.42,138.42,136.78
2024040300,25.45,980.21,109.18,128.0,136.03,131.91
2024040400,24.9,979.89,107.61,126.49,135.9,134.52
2024040500,23.68,988.9,110.67,124.21,128.83,137.82
2024040600,22.36,981.45,101.34,111.24,114.35,139.05
2024040700,23.63,1054.85,104.99,113.96,117.61,154.17
2024040800,25.81,1103.92,131.29,122.83,135.6,137.69
2024040900,25.32,988.57,104.16,122.83,134.07,141.73
2024041000,24.7,991.91,103.79,123.81,151.63,148.8
2024041100,30.44,999.87,118.0,124.96,130.91,145.61
2024041200,26.75,963.34,103.74,120.31,127.61,138.35
2024041300,22.05,946.99,97.21,109.1,111.87,139.58
2024041400,22.99,1068.41,100.23,112.89,115.3,147.32
2024041500,24.21,1017.28,112.4,128.88,141.23,146.7
2024041600,24.18,973.32,110.44,129.9,143.53,168.56
2024041700,24.38,972.72,104.93,129.13,139.57,154.23
2024041800,25.12,960.52,107.31,134.33,133.03,155.32
2024041900,24.44,1002.43,103.6,131.61,129.58,144.68
2024042000,25.37,988.5,100.95,127.05,115.2,156.72
2024042100,26.53,1050.3,110.64,133.54,125.11,189.67
2024042200,27.42,1022.39,115.54,191.89,138.2,159.28
2024042300,26.65,998.74,113.68,142.77,136.54,149.72
2024042400,26.11,985.97,110.73,142.64,137.83,144.02
2024042500,26.03,972.69,117.52,144.47,135.74,148.89
2024042600,25.17,981.86,118.11,150.04,130.05,144.1
2024042700,23.28,976.1,113.56,146.43,119.71,145.47
2024042800,24.12,1014.95,105.47,130.37,134.6,148.66
2024042900,24.66,997.46,114.72,153.94,164.32,148.06
2024043000,22.73,971.85,115.28,154.55,155.51,143.6
2024050100,24.64,962.99,110.29,148.59,149.15,148.01
2024050200,24.22,957.15,119.65,140.49,145.38,144.26
2024050300,22.77,946.82,104.58,131.91,145.51,137.3
2024050400,22.11,968.15,100.23,131.22,141.74,143.74
2024050500,24.36,1025.79,102.3,131.43,127.91,149.72
2024050600,25.16,1012.74,112.56,138.57,140.95,148.55
2024050700,24.19,941.81,113.1,138.55,137.48,155.18
2024050800,23.9,934.7,109.89,138.99,131.66,156.92
2024050900,23.03,897.88,101.29,133.68,120.86,145.43
2024051000,21.19,786.43,88.25,113.84,101.24,118.53
2024051100,24.1,794.58,79.88,104.59,89.81,111.4
2024051200,20.64,844.26,85.54,115.8,90.79,121.11
2024051300,23.13,844.05,95.0,120.57,109.07,120.76
2024051400,22.0,817.26,94.91,122.39,109.37,120.05
2024051500,21.01,803.02,90.96,124.45,110.33,119.14
2024051600,21.52,802.82,90.71,116.33,111.38,121.58
2024051700,20.35,779.96,90.67,108.71,106.11,126.62
2024051800,19.18,777.73,87.49,100.44,90.88,122.79
2024051900,20.41,838.12,89.92,107.25,92.97,133.76
2024052000,21.12,831.49,95.61,115.11,106.44,123.07
2024052100,22.99,851.31,94.57,118.38,110.77,123.62
2024052200,22.38,792.95,90.12,111.21,106.91,123.72
2024052300,21.53,783.03,88.44,110.33,104.97,129.03
2024052400,20.12,780.49,83.19,101.9,99.82,119.96
2024052500,18.72,778.95,80.44,96.31,87.71,134.18
2024052600,19.99,831.91,84.91,99.87,95.94,129.61
2024052700,21.08,872.78,93.09,110.45,104.0,124.72
2024052800,20.83,825.95,95.53,111.68,108.9,122.46
2024052900,20.57,791.92,90.21,110.27,104.37,125.88
2024053000,19.6,780.52,89.13,105.58,101.74,120.53
2024053100,18.58,756.44,84.54,99.8,103.59,112.79
2024060100,17.88,781.38,81.46,89.73,88.01,143.52
2024060200,18.59,851.5,86.94,94.85,90.89,132.0
2024060300,20.02,811.43,88.84,104.55,102.04,122.22
2024060400,20.27,770.53,87.4,103.22,101.84,113.09
2024060500,19.58,781.58,88.71,104.13,102.17,111.29
2024060600,19.43,792.31,87.5,104.89,107.14,114.0
2024060700,18.7,775.3,83.94,99.7,101.89,112.94
2024060800,19.46,800.42,86.04,94.19,100.08,116.75
2024060900,19.77,835.82,87.16,98.96,100.7,123.92
2024061000,20.51,822.8,96.37,107.64,104.87,119.35
2024061100,18.14,784.3,90.5,103.72,114.79,124.02
2024061200,18.75,787.05,85.5,102.69,113.12,127.42
2024061300,17.74,756.33,81.37,98.77,100.58,121.03
2024061400,18.11,808.86,77.83,93.68,95.34,120.77
2024061500,18.16,778.89,78.9,88.91,84.47,129.18
2024061600,16.65,801.34,79.89,88.45,85.91,128.77
2024061700,18.45,801.84,83.86,100.39,99.39,120.04
2024061800,18.74,828.07,84.41,98.98,100.93,119.71
2024061900,18.27,802.75,82.57,97.82,95.61,127.98
2024062000,17.6,794.31,81.63,98.21,95.27,126.9
2024062100,17.48,761.15,80.57,99.01,95.56,128.59
2024062200,17.8,797.58,78.87,94.8,91.73,137.4
2024062300,18.56,818.2,83.06,95.03,91.89,133.55
2024062400,19.51,813.1,87.17,108.88,104.25,134.95
2024062500,19.37,806.75,81.1,102.36,99.92,135.14
2024062600,21.51,778.64,82.54,102.07,102.26,117.08
2024062700,25.7,752.7,82.57,101.29,97.61,114.28
2024062800,29.82,726.42,77.26,92.63,90.08,106.64
2024062900,27.85,799.51,77.41,87.47,84.97,122.0
2024063000,18.61,805.32,81.63,91.97,85.83,132.56
2024070100,22.98,769.87,83.6,99.42,95.77,131.17
2024070200,30.13,747.31,83.69,98.99,98.57,124.3
2024070300,29.42,783.41,84.81,99.63,99.74,117.61
2024070400,25.6,980.54,83.27,97.72,95.65,119.14
2024070500,30.8,1011.1,78.75,93.47,90.43,127.48
2024070600,31.83,799.79,74.49,88.71,81.8,132.18
2024070700,29.35,833.66,82.99,91.96,85.69,132.92
2024070800,26.15,791.53,81.76,98.88,93.26,120.09
2024070900,29.8,787.24,83.11,100.96,93.29,123.83
2024071000,31.48,767.79,82.41,97.94,112.77,129.8
2024071100,30.63,768.51,83.34,98.78,93.25,128.15
2024071200,29.33,756.62,82.81,99.39,90.32,121.58
2024071300,25.97,766.31,76.79,87.26,81.02,118.9
2024071400,27.14,856.39,73.04,84.68,77.64,139.01
2024071500,30.11,803.13,77.56,94.71,88.39,136.64
2024071600,29.44,789.65,78.05,95.01,91.0,127.14
2024071700,26.2,758.09,77.2,93.97,90.9,132.29
2024071800,18.45,766.02,80.41,96.69,93.52,119.06
2024071900,17.7,739.85,76.91,90.63,87.78,114.27
2024072000,17.81,772.85,77.41,87.27,80.49,120.87
2024072100,19.44,836.33,78.82,89.56,84.26,137.24
2024072200,19.45,827.82,81.36,96.24,93.92,127.4
2024072300,18.52,781.77,82.29,97.04,91.74,122.95
2024072400,18.91,786.94,79.07,97.89,92.15,136.01
2024072500,18.09,772.22,81.98,98.49,100.75,133.65
2024072600,17.95,810.11,78.15,95.68,86.84,169.62
2024072700,18.03,791.83,78.15,88.23,81.76,197.41
2024072800,20.34,784.0,86.01,91.05,81.9,207.83
2024072900,20.14,763.77,86.16,95.57,91.18,204.34
2024073000,21.76,753.61,85.43,99.49,103.03,215.25
2024073100,18.08,720.3,82.37,97.12,93.85,229.89
2024080100,17.44,728.22,78.75,95.67,87.61,483.05
2024080200,16.96,741.55,74.12,96.23,81.18,505.35
2024080300,17.15,887.17,76.65,89.8,74.24,364.22
2024080400,17.74,898.73,78.82,92.57,79.09,303.41
2024080500,18.43,930.55,83.12,97.56,86.16,267.09
2024080600,17.15,905.75,80.59,97.3,111.82,239.68
2024080700,18.55,898.9,83.06,100.21,98.84,237.27
2024080800,18.14,869.42,81.35,99.91,89.65,278.79
2024080900,17.48,880.26,76.34,90.58,85.34,286.62
2024081000,16.23,966.3,72.67,88.14,77.66,295.68
2024081100,17.17,976.75,81.89,90.48,80.13,268.87
2024081200,18.32,946.63,86.47,104.65,92.53,188.54
2024081300,17.57,925.67,84.53,99.07,94.89,153.8
2024081400,17.06,802.57,87.83,100.3,99.27,150.66
2024081500,17.45,776.8,83.92,97.48,93.93,134.93
2024081600,17.0,793.1,82.16,95.18,93.94,140.21
2024081700,16.81,776.29,79.49,86.09,84.0,124.03
2024081800,16.64,821.62,84.99,90.65,87.41,131.69
2024081900,16.65,777.46,86.01,96.01,100.82,123.12
2024082000,17.82,774.98,85.83,100.45,100.78,116.59
2024082100,17.75,782.46,91.39,103.48,100.98,119.68
2024082200,17.49,818.72,88.27,104.8,102.06,118.54
2024082300,16.64,772.97,81.83,97.54,93.58,114.06
2024082400,15.79,764.23,79.7,93.3,84.24,117.85
2024082500,16.35,831.33,84.57,97.42,89.03,124.14
2024082600,17.33,803.37,90.27,105.69,101.46,118.66
2024082700,17.58,794.3,91.93,106.25,104.4,136.14
2024082800,17.96,752.17,91.87,107.32,104.1,130.56
2024082900,18.03,733.99,90.28,110.25,101.77,122.08
2024083000,17.58,734.78,82.17,96.69,95.45,117.84
2024083100,16.82,744.57,78.94,87.56,84.06,117.18
2024090100,18.29,782.8,85.52,93.47,90.6,127.71
2024090200,18.81,798.08,91.3,100.74,97.27,126.09
2024090300,18.78,775.75,92.25,108.17,104.02,121.18
2024090400,17.12,733.93,90.12,101.15,100.5,109.53
2024090500,17.38,757.97,92.62,106.25,106.27,146.65
2024090600,17.21,729.49,88.33,99.54,97.15,121.44
2024090700,15.84,753.31,90.03,94.6,87.03,119.95
2024090800,17.6,818.69,94.77,99.83,93.35,125.97
2024090900,18.69,787.67,99.82,109.98,109.19,125.67
2024091000,18.66,740.56,92.14,107.7,109.1,114.0
2024091100,18.67,754.59,91.9,105.68,107.12,102.48
2024091200,18.47,788.06,90.4,106.83,108.17,101.88
2024091300,17.14,745.17,86.12,100.09,99.96,107.59
2024091400,15.64,741.68,79.93,89.75,86.03,105.42
2024091500,16.56,779.27,89.06,95.63,92.83,111.99
2024091600,17.02,798.96,94.3,104.65,109.0,107.84
2024091700,17.59,788.03,92.95,105.62,111.08,128.63
2024091800,17.23,796.87,99.76,114.37,115.93,121.63
2024091900,17.2,770.68,96.08,110.75,116.95,112.91
2024092000,16.55,741.35,87.19,100.38,106.13,106.46
2024092100,15.03,735.93,80.23,89.27,92.23,106.51
2024092200,16.43,766.98,86.79,94.96,98.45,116.22
2024092300,16.71,766.79,92.45,109.28,113.53,112.01
2024092400,17.53,776.41,94.67,115.63,114.69,112.34
2024092500,17.14,777.8,99.31,114.08,117.92,119.0
2024092600,16.84,754.74,93.26,108.63,121.2,111.06
2024092700,16.61,767.3,85.48,97.68,103.28,105.26
2024092800,15.42,764.0,79.38,89.82,90.77,109.82
2024092900,16.05,772.0,87.16,97.48,95.68,117.79
2024093000,17.43,784.05,94.66,107.62,111.94,113.36
2024100100,16.97,777.43,92.03,107.11,111.97,110.98
2024100200,17.11,765.99,93.47,108.9,111.99,109.1
2024100300,17.03,764.8,90.49,112.13,114.14,110.08
2024100400,16.31,752.59,90.02,108.12,105.6,115.0
2024100500,15.87,751.15,81.48,94.86,91.84,102.93
2024100600,17.48,786.19,86.98,100.54,102.85,115.42
2024100700,18.02,808.34,93.51,112.58,122.61,111.98
2024100800,17.84,793.54,89.7,109.91,117.59,108.2
2024100900,18.2,803.18,94.63,109.92,119.01,106.4
2024101000,16.66,789.2,90.64,104.16,112.7,106.57
2024101100,16.04,742.06,83.21,97.76,106.65,104.14
2024101200,16.49,754.77,85.33,94.48,100.39,109.36
2024101300,16.34,789.24,96.89,97.38,97.88,131.89
2024101400,17.92,800.49,96.09,109.03,114.23,126.09
2024101500,16.52,783.74,97.23,111.11,119.89,122.48
2024101600,17.0,851.9,95.38,112.39,118.81,117.79
2024101700,16.87,852.15,94.1,109.74,119.99,112.32
2024101800,15.71,852.68,88.45,102.58,111.32,113.12
2024101900,17.95,756.98,83.11,91.13,94.52,113.96
2024102000,15.45,795.5,89.92,95.5,98.61,136.59
2024102100,17.26,815.66,94.87,113.1,115.6,118.09
2024102200,19.09,808.07,96.55,110.9,119.69,117.3
2024102300,18.9,787.57,92.58,109.46,115.37,113.3
2024102400,17.03,755.58,90.31,103.9,117.61,113.15
2024102500,17.11,860.34,86.92,98.56,106.11,112.2
2024102600,16.21,945.44,80.73,88.93,89.46,124.72
2024102700,16.57,977.13,85.85,90.66,95.35,122.98
2024102800,17.72,870.47,92.48,104.98,110.92,134.44
2024102900,17.55,883.08,92.65,104.33,113.32,131.68
2024103000,17.31,1029.73,90.79,102.49,111.8,125.34
2024103100,15.83,1040.75,87.98,94.5,107.55,115.75
2024110100,16.04,983.1,88.35,93.24,101.94,108.93
2024110200,16.27,1010.05,84.43,92.79,94.7,108.64
2024110300,16.66,1037.61,87.99,98.85,98.24,113.9
2024110400,17.79,1066.56,94.19,104.79,116.42,113.57
2024110500,18.73,1050.65,92.36,106.57,114.39,121.56
2024110600,23.1,1442.43,82.37,113.07,107.99,114.18
2024110700,18.73,1193.68,87.91,129.8,110.36,107.26
2024110800,22.03,1108.21,89.32,128.42,102.99,105.81
2024110900,16.27,970.44,80.62,118.61,91.12,107.31
2024111000,15.8,1175.51,85.86,115.36,97.21,114.3
2024111100,16.24,1209.28,94.75,121.61,114.19,114.85
2024111200,16.74,1269.02,97.26,118.5,119.72,111.73
2024111300,15.47,1055.69,94.95,115.65,115.18,108.09
2024111400,17.71,1210.84,90.58,113.64,111.02,118.52
2024111500,16.71,1040.45,87.43,106.81,105.36,128.01
2024111600,15.61,1112.39,80.3,94.96,88.79,149.28
2024111700,17.2,1206.76,97.27,102.69,97.77,129.6
2024111800,19.53,1239.88,95.23,114.22,118.87,125.67
2024111900,19.53,1203.83,96.93,110.16,119.67,116.76
2024112000,18.7,1002.16,95.39,109.95,118.99,113.6
2024112100,18.41,938.75,99.59,105.8,113.01,109.45
2024112200,19.48,936.79,89.82,101.04,104.48,109.91
2024112300,23.06,941.34,85.35,90.23,92.2,107.37
2024112400,25.84,1017.72,89.57,95.65,94.33,119.01
2024112500,26.41,966.25,94.9,104.79,108.02,121.26
2024112600,31.03,919.79,91.03,106.81,106.4,110.61
2024112700,36.72,912.73,86.62,98.89,101.57,115.31
2024112800,44.23,919.14,85.27,94.18,96.75,111.67
2024112900,39.5,901.8,83.39,90.92,92.96,109.02
2024113000,33.92,926.7,82.47,89.54,86.89,106.64
2024120100,28.28,959.44,89.18,95.23,96.14,116.17
2024120200,18.46,948.54,94.19,105.8,108.58,112.98
2024120300,16.78,914.49,92.96,102.38,109.47,107.69
2024120400,16.79,929.27,89.85,102.06,108.9,104.96
2024120500,16.73,914.54,91.38,101.6,105.05,103.75
2024120600,16.29,1207.12,85.36,99.95,98.39,106.18
2024120700,14.65,1308.06,80.83,102.99,90.17,104.94
2024120800,15.51,1162.85,84.31,105.27,95.13,108.62
2024120900,16.88,991.44,89.16,100.86,108.32,111.37
2024121000,16.82,956.67,89.86,97.08,109.65,107.65
2024121100,17.9,918.29,101.96,99.1,105.16,109.22
2024121200,19.65,886.72,91.64,99.12,116.67,108.02
2024121300,17.8,864.5,84.17,96.3,101.59,112.62
2024121400,16.15,876.9,78.8,88.41,86.56,104.44
2024121500,16.83,904.07,93.05,93.45,98.18,112.11
2024121600,17.25,972.03,89.78,101.55,102.64,109.5
2024121700,16.81,1032.56,86.78,100.01,103.24,108.01
2024121800,17.04,1082.65,86.69,97.95,102.14,105.19
2024121900,17.86,1177.74,81.76,92.43,97.14,101.06
2024122000,16.57,994.0,76.11,84.94,88.89,98.37
2024122100,18.42,1023.3,74.38,79.07,81.87,99.18
2024122200,20.61,1044.5,76.01,83.05,84.51,107.32
2024122300,18.21,993.25,75.02,83.86,88.2,102.1
2024122400,22.98,1160.97,74.55,81.46,90.38,99.81
2024122500,26.95,1267.96,76.25,78.68,86.03,99.88
2024122600,30.91,1063.49,82.18,84.35,89.68,107.03
2024122700,25.57,1062.1,81.71,89.34,91.6,109.87
2024122800,25.67,1088.23,80.0,88.23,90.31,111.1
2024122900,24.83,1143.03,87.28,86.69,89.45,115.67
2024123000,23.66,1172.2,82.37,91.64,93.2,115.82
2024123100,22.47,1032.75,76.01,83.63,86.2,102.54
2025010100,21.84,920.3,79.24,82.2,83.86,109.4
